"acquisition-date","administration_name","association-period","association-person","association-person-type","association-subject","association-subject-association","creator","creator-role","csvId","description","description-original","dimensions_concatenated","documentation-free-text","free-field-content","inscription-content","inscription-method","inscription-position","legal_status","material","material-part","object_category","object_name","object_number","postgresId","priref","production-date-end","production-date-start","production-period","production-place","related-object-association","related-object-reference","reproduction-reference","title","identifier/dataset","identifier/num_id","identifier/unique-doc-id","text/all-description-text"
"2019-12-13T00:00:00.000Z","Science and Technology : Technology","","","","","","","","33242","Sound Stories TT Highlights LP Vol 1. The Thrills of the Isle of Man TT Races Commentary by Murray Walker album sleeve","","","","","","","","Permanent collection","","","","Record","T.2019.180.1","33243","811178","","","","","","","","","congruence-science-and-industry","33256","congruence-science-and-industry_33256",". . . . "
"1958-01-01T00:00:00.000Z","Science and Technology : Technology","","","","","","Mr Comrie","","1","New lorry wheel made by Mr Comrie, Boghaugh, Comrie","[One of] A pair of lorry wheels, all new; diam. 2' 8"", width of felloe 2.5"".","","","","","","","Permanent collection","","","15. ROAD TRANSPORT, Agricultural | Wheelwrighting and cartmaking, inc. wheels and carts","Wheel, lorry","W.RO 17.2","2","3606","","","","Boghaugh, Comrie, Perthshire, Scotland, Northern Europe","","","","","congruence-science-and-industry","1","congruence-science-and-industry_1","[One of] A pair of lorry wheels, all new; diam. 2' 8"", width of felloe 2.5"".. . . . "
"1967-01-01T00:00:00.000Z","Science and Technology : Technology","","","","","","","","2","Barrow for carrying stone","Iron wheel. Barrow for carrying stone.","","","","","","","Permanent collection","","","15. ROAD TRANSPORT | Transport - carts, wagons, horse-drawn vehicles, heavy work trai","Barrow","W.VCA 1","3","6261","","","","","","","","","congruence-science-and-industry","2","congruence-science-and-industry_2","Iron wheel. Barrow for carrying stone.. . . . "
"1967-01-01T00:00:00.000Z","Science and Technology : Technology","","","","","","","","3","Barrow with missing heck","Iron wheel. Barrow. The heck is missing.","","","","","","","Permanent collection","","","15. ROAD TRANSPORT | Transport - carts, wagons, horse-drawn vehicles, heavy work trai","Barrow","W.VCA 2","4","6262","","","","","","","","","congruence-science-and-industry","3","congruence-science-and-industry_3","Iron wheel. Barrow. The heck is missing.. . . . "
"1966-01-01T00:00:00.000Z","Science and Technology : Technology","","","","","","Dunlop","","4","Tyre lever for a motor-cycle, stamped Dunlop","Tyre lever for a motor cycle, stamped.","","","YT.2014.943, described as a Metal object marked T.1966.780 (not on Adlib), has been resolved and identified as W.VE 9.","DUNLOP MADE IN ENGLAND","","","Permanent collection","","","15. TRANSPORT, Motorcycle","Tyre lever, motorcycle","W.VE 9","5","6265","","","","England, Northern Europe","","","","","congruence-science-and-industry","4","congruence-science-and-industry_4","Tyre lever for a motor cycle, stamped.. . YT.2014.943, described as a Metal object marked T.1966.780 (not on Adlib), has been resolved and identified as W.VE 9.. DUNLOP MADE IN ENGLAND. "
"1980-03-14T00:00:00.000Z","Science and Technology : Technology","","","","","","","","53","Hay cart made at Beechbank","Hay cart made at Beechbank.","","","","","","","Permanent collection","","","15. ROAD TRANSPORT | Transport - carts, wagons, horse-drawn vehicles, heavy work trai","Cart","W.1980.18","54","7875","","","","","","","","","congruence-science-and-industry","56","congruence-science-and-industry_56","Hay cart made at Beechbank.. . . . "
"1962-01-01T00:00:00.000Z","Science and Technology : Technology","","","","Oxnam Neuk Farm, Jedburgh, Roxburghshire, Scotland, Northern Europe | Kettleshiel, Berwickshire, Scotland, Northern Europe","|","","","6","Horse-drawn sleigh said to have come from Kettleshiel and to have been made at Duns about 100 years ago","Wood. A horse-drawn sleigh from Oxnam Neuk Farm, Jedburgh, said to have come from Kettleshiel, and to have been made at Duns c.100 years ago; with two wooden shafts, painted light green.","","","","","","","Permanent collection","","","15. ROAD TRANSPORT | Transport - sleds","Sleigh","W.VB 5","7","6399","1899","1879","c. 1889","Duns, Berwickshire, Scotland, Northern Europe","","","","","congruence-science-and-industry","6","congruence-science-and-industry_6","Wood. A horse-drawn sleigh from Oxnam Neuk Farm, Jedburgh, said to have come from Kettleshiel, and to have been made at Duns c.100 years ago; with two wooden shafts, painted light green.. . . . "
"1961-01-01T00:00:00.000Z","Science and Technology : Technology","","","","","","","","7","Horse-drawn sledge","Iron. Horse-drawn sledge with iron runners, with red painted shaft and an iron back rail.","","","","","","","Permanent collection","","","15. ROAD TRANSPORT | Transport - sleds","Sledge","W.VB 6","8","6400","","","","","","","","","congruence-science-and-industry","7","congruence-science-and-industry_7","Iron. Horse-drawn sledge with iron runners, with red painted shaft and an iron back rail.. . . . "
"2007-06-26T23:00:00.000Z","Science and Technology : Technology","","Shell","institution","","","","","20123","Two gallon Shell Motor Spirit can painted red","Two gallon Shell Motor Spirit can, painted red. Size: 320 mm x 250 mm x 152 mm. ORF: IDENTIFICATION - NMS Object Category: 15. Road Transport. Object Name: Motor spirit can. Description: Two gallon Shell motor spirit can, painted red. PHYSICAL CHARACTERISTICS - Dimensions: H. 320 mm; W. 250 mm. Other Dimensions / Weight: Depth 152 mm. INSCRIPTIONS / MARKS - Inscription Position 1: On front and back; Content: SHELL / MOTOR / SPIRIT. Inscription Position 2: On 2 sides; Content: SHELL. Inscription Position 3: On cap; Content: SHELL. Inscription Position 4: On bottom; Content: LONDON / 29. NOTES and DOCUMENTATION - Supplementary Information?: No. CONDITION - Condition: Poor. Has Conservation Quarantine check been carried out? No. Completed By: Elsa Davidson; Date: 12 June 2007.","Overall: Height 320mm. Overall: Width 250mm. Overall: Depth 152mm","","","SHELL / MOTOR / SPIRIT | SHELL | SHELL | LONOND / 29","|  |  |","On front and back | On two sides | On cap | On bottom","Permanent collection","","","15. ROAD TRANSPORT","Petrol can","T.2007.90","20124","659599","","","","","","","","","congruence-science-and-industry","19725","congruence-science-and-industry_19725","Two gallon Shell Motor Spirit can, painted red. Size: 320 mm x 250 mm x 152 mm. ORF: IDENTIFICATION - NMS Object Category: 15. Road Transport. Object Name: Motor spirit can. Description: Two gallon Shell motor spirit can, painted red. PHYSICAL CHARACTERISTICS - Dimensions: H. 320 mm; W. 250 mm. Other Dimensions / Weight: Depth 152 mm. INSCRIPTIONS / MARKS - Inscription Position 1: On front and back; Content: SHELL / MOTOR / SPIRIT. Inscription Position 2: On 2 sides; Content: SHELL. Inscription Position 3: On cap; Content: SHELL. Inscription Position 4: On bottom; Content: LONDON / 29. NOTES and DOCUMENTATION - Supplementary Information?: No. CONDITION - Condition: Poor. Has Conservation Quarantine check been carried out? No. Completed By: Elsa Davidson; Date: 12 June 2007.. . . SHELL / MOTOR / SPIRIT | SHELL | SHELL | LONOND / 29. "
"1962-01-01T00:00:00.000Z","Science and Technology : Technology","","","","","","","","8","Wooden slipe for mowing hay on hillsides","Wood. A wooden 'slipe', made from the natural fork of a tree trunk, with a hole for a rope inside the V. For mowing hay etc.  on hill-sides.","","","","","","","Permanent collection","Wood","Whole","15. TRANSPORT | 14. INDUSTRIES, Agriculture | Transport - sleds","Slipe","W.VB 7","9","6401","","","","","","","","","congruence-science-and-industry","8","congruence-science-and-industry_8","Wood. A wooden 'slipe', made from the natural fork of a tree trunk, with a hole for a rope inside the V. For mowing hay etc.  on hill-sides.. . . . "
"1965-01-01T00:00:00.000Z","Science and Technology : Technology","","","","Newton (farm), Tullynessle, Aberdeenshire, Scotland, Northern Europe","","","","9","Horse-drawn work sledge, used until recently in winter at, Newton, Tullynessle, Aberdeenshire","Wood, iron. A horse-drawn work sledge, creosoted black, made of cart body with four shelvings mounted on iron shod wooden runners. Used till recently on W.B. Coutts' farm, in winter.","Overall: Height 12mm. Overall: Length 2200mm. Overall: Width 1300mm","","","","","","Permanent collection","","","15. ROAD TRANSPORT | Transport - sleds","Sledge","W.VB 9","10","6402","","","","","","","","","congruence-science-and-industry","9","congruence-science-and-industry_9","Wood, iron. A horse-drawn work sledge, creosoted black, made of cart body with four shelvings mounted on iron shod wooden runners. Used till recently on W.B. Coutts' farm, in winter.. . . . "
"1965-01-01T00:00:00.000Z","Science and Technology : Technology","","","","Newton (farm), Tullynessle, Aberdeenshire, Scotland, Northern Europe","","","","10","Passenger sledge, used until recently at Newton, Tullynessle, Aberdeenshire","Wood, iron. A passenger sledge, creosoted black, with a high fronted wooden body, on iron shod wooden runners, a seat with a back lies across the middle of the sledge [and] there are two red painted shafts. Used till recently on W.B. Coutts' farm, in winter.","","","","","","","Permanent collection","Wood | Wood | Iron","Whole | Runners | Runners","15. ROAD TRANSPORT | Transport - sleds","Sledge","W.VB 10","11","6403","","","","","","","","","congruence-science-and-industry","10","congruence-science-and-industry_10","Wood, iron. A passenger sledge, creosoted black, with a high fronted wooden body, on iron shod wooden runners, a seat with a back lies across the middle of the sledge [and] there are two red painted shafts. Used till recently on W.B. Coutts' farm, in winter.. . . . "
"1965-01-01T00:00:00.000Z","Science and Technology : Technology","","","","Berwickshire, Scotland, Northern Europe","","A.C. Larivier","","11","Passenger sledge, latterly used in Berwickshire","Wood, iron. A passenger sledge, painted light cream, with the back seat green; on iron shod wooden runners; the back of the rear seat hinges forward, that of the centre seat is fixed; the sledge front is S-curved. [With] a metal plate on the front. Latterly used in Berwickshire.","","","","On plate: A.C. Larivier, Makers, Montreal","","","Permanent collection","","","15. ROAD TRANSPORT | Transport - sleds","Sledge","W.VB 11","12","6404","","","","Montreal, Quebec, Canada, North America","","","","","congruence-science-and-industry","11","congruence-science-and-industry_11","Wood, iron. A passenger sledge, painted light cream, with the back seat green; on iron shod wooden runners; the back of the rear seat hinges forward, that of the centre seat is fixed; the sledge front is S-curved. [With] a metal plate on the front. Latterly used in Berwickshire.. . . On plate: A.C. Larivier, Makers, Montreal. "
"1965-01-01T00:00:00.000Z","Science and Technology : Technology","","","","Jura, Argyll, Scotland, Northern Europe","","","","12","Scale model of a Jura deer cart, made by the estate joiner c. 1914","A scale model of a Jura deer 'cart', a two-shafted travois with a slotted and framed centre; the sides are marked in ink on the various elements. Probably served as a pattern for full scale ones. Made by the estate joiner, c. 1914.","","","","Not to be made of heavy wood","","","Permanent collection","","","15. ROAD TRANSPORT | Transport - sleds","Cart / model","W.VB 12","13","6405","1916","1912","c. 1914","","","","","","congruence-science-and-industry","12","congruence-science-and-industry_12","A scale model of a Jura deer 'cart', a two-shafted travois with a slotted and framed centre; the sides are marked in ink on the various elements. Probably served as a pattern for full scale ones. Made by the estate joiner, c. 1914.. . . Not to be made of heavy wood. "
"1968-01-01T00:00:00.000Z","Science and Technology : Technology","","","","Jura, Argyll, Scotland, Northern Europe","","","","13","Horse-drawn deer-sledge from Jura","A horse-drawn deer-sledge from Jura, painted green, with an upright back. the ""body"" is formed of 4 cross-planks. A stout rope is attached to the body for tying on loads. Total l. 11'6"".","","","","","","","Permanent collection","","","15. ROAD TRANSPORT | Transport - sleds","Sledge, deer","W.VB 13","14","6406","","","","","","","","","congruence-science-and-industry","13","congruence-science-and-industry_13","A horse-drawn deer-sledge from Jura, painted green, with an upright back. the ""body"" is formed of 4 cross-planks. A stout rope is attached to the body for tying on loads. Total l. 11'6"".. . . . "
"1968-01-01T00:00:00.000Z","Science and Technology : Technology","","","","","","","","14","Red painted peat barrow","A red-painted peat barrow; no legs, but two pads; the wheel is unshod, in 3 pieces, with two oval openings. Stamped on the side.","","","","On side: DGD","","","Permanent collection","","","15. ROAD TRANSPORT, Agricultural | 14. INDUSTRIES, Agriculture | Transport - sleds","Barrow, peat","W.VBC 1","15","6407","","","","","","","","","congruence-science-and-industry","14","congruence-science-and-industry_14","A red-painted peat barrow; no legs, but two pads; the wheel is unshod, in 3 pieces, with two oval openings. Stamped on the side.. . . On side: DGD. "
"1897-01-01T00:00:00.000Z","Science and Technology : Technology","","","","Echo Bank, Edinburgh, Midlothian, Scotland, Northern Europe","","","","15","Old wooden axle found at an old house in Echo Bank","Wood. Old wooden axle found at an old house in Echo Bank.","","","","","","","Permanent collection","Wood","Whole","15. ROAD TRANSPORT | Transport - carts, wagons, horse-drawn vehicles, heavy work trai","Axle","W.VC 1","16","6408","","","","","","","","","congruence-science-and-industry","15","congruence-science-and-industry_15","Wood. Old wooden axle found at an old house in Echo Bank.. . . . "
"1960-01-01T00:00:00.000Z","Science and Technology : Technology","","Swaine and Adeney","person","Castles Farm, Glenorchy, Argyll, Scotland, Northern Europe","","Swaine and Adeney","","16","Gig or carriage whip made by Swaine and Adeney of Piccadilly, used at Castles Farm, Glenorchy, c. 1886","Wood, leather, metal, whipcord. A gig or carriage whip with a shank of light varnished wood (?willow), stamped; a handgrip of leather with nickle-plated metal terminals, and a lash of whipcord. Used at Castles Farm, Glenorchy, Argyll, c.1886.","","","","SWAINE & ADENEY  MAKERS  TO THE QUEEN  & PRINCE OF WALES  185 PICADILLY  LONDON","","","Permanent collection","Willow | Leather | Metal | Whipcord (whip)","Shank | Handgrip | Terminal | Lash","15. ROAD TRANSPORT | Transport - carts, wagons, horse-drawn vehicles, heavy work trai","Whip, gig / wip, carriage","W.VC 10","17","6409","1891","1881","c. 1886","London, England, Northern Europe","","","","","congruence-science-and-industry","16","congruence-science-and-industry_16","Wood, leather, metal, whipcord. A gig or carriage whip with a shank of light varnished wood (?willow), stamped; a handgrip of leather with nickle-plated metal terminals, and a lash of whipcord. Used at Castles Farm, Glenorchy, Argyll, c.1886.. . . SWAINE & ADENEY  MAKERS  TO THE QUEEN  & PRINCE OF WALES  185 PICADILLY  LONDON. "
"1961-01-01T00:00:00.000Z","Science and Technology : Technology","","","","","","","","20","Oak cart-axle","Oak. A cart-axle of oak. Purchased as part of a collection costing 12[.0.0].","","","","","","","Permanent collection","Oak","Whole","15. ROAD TRANSPORT | Transport - carts, wagons, horse-drawn vehicles, heavy work trai","Axle, cart","W.VC 14","21","6413","","","","","","","","","congruence-science-and-industry","21","congruence-science-and-industry_21","Oak. A cart-axle of oak. Purchased as part of a collection costing 12[.0.0].. . . . "
"1960-01-01T00:00:00.000Z","Science and Technology : Technology","","","","Delgaty Castle, Turriff, Aberdeenshire, Scotland, Northern Europe","","","","17","Iron jack for raising gigs, from the old stables at Delgaty Castle","Iron. An iron jack for raising gigs, from the old stables at Delgaty Castle, turriff, Aberdeenshire.","","","","","","","Permanent collection","Iron","Whole","15. ROAD TRANSPORT | Transport - carts, wagons, horse-drawn vehicles, heavy work trai","Jack","W.VC 11","18","6410","","","","","","","","","congruence-science-and-industry","17","congruence-science-and-industry_17","Iron. An iron jack for raising gigs, from the old stables at Delgaty Castle, turriff, Aberdeenshire.. . . . "
"1960-01-01T00:00:00.000Z","Science and Technology : Technology","","School of Agriculture, Edinburgh","person","Howgate Farm, Midlothian, Scotland, Northern Europe","","","","18","Long cart, used at Howgate, Midlothian","Metal, iron. A long cart with a bow of metal slats over each wheel, and a U-shaped iron check in front. Formerly used at Howgate, Midlothian.","","","","","","","Permanent collection","Metal | Iron","Slats | Check","15. ROAD TRANSPORT | Transport - carts, wagons, horse-drawn vehicles, heavy work trai","Cart, long","W.VC 12","19","6411","","","","","","","","","congruence-science-and-industry","18","congruence-science-and-industry_18","Metal, iron. A long cart with a bow of metal slats over each wheel, and a U-shaped iron check in front. Formerly used at Howgate, Midlothian.. . . . "
"1980-09-16T23:00:00.000Z","Science and Technology : Technology","","","","","","","","55","Paraffin tank","Paraffin tank.","","","","","","","Permanent collection","","","15. ROAD TRANSPORT | Transport - tractors","Tank","W.1980.55","56","7912","","","","","","","","","congruence-science-and-industry","19","congruence-science-and-industry_19","Paraffin tank.. . . . "
"1960-01-01T00:00:00.000Z","Science and Technology : Technology","","","","Peaston Farm, Ormiston, East Lothian, Scotland, Northern Europe","","","","19","Wooden harvest cart with two wheels with iron tyres, two-sided, with the name J. Riddell, Peaston No.18 on the side.","A harvest cart with open sides and built on a frame. From W# record: Wooden cart with two wheels with iron tyres, two-sided with the name J. Riddell, Peaston No.18 on the side.","","","","","","","Permanent collection","","","15. ROAD TRANSPORT","Cart, harvest","W.VC 13","20","6412","","","","","","","","","congruence-science-and-industry","20","congruence-science-and-industry_20","A harvest cart with open sides and built on a frame. From W# record: Wooden cart with two wheels with iron tyres, two-sided with the name J. Riddell, Peaston No.18 on the side.. . . . "
"1965-01-01T00:00:00.000Z","Science and Technology : Technology","","W. Wright | D. Wright","person | person","Bass Rock Farm, North Berwick, East Lothian, Scotland, Northern Europe | Heugh, North Berwick, East Lothian, Scotland, Northern Europe","|","","","25","Eight oval name-plates for carts, from Bass Rock Farm","(1)-(8) Eight oval name plates for carts, painted black, with awhite border.","","","","W.& D. Wright  Heugh  No.3 / W. & D. Wright  Heugh  No. 4 / W. & D. Wright  Heugh  No. 5 / W. & D. Wright  Heugh  No. 6 / W. & D. Wright  Heugh  No. 7 / W. & D. Wright  Heugh  No. 8 / W. & D.Wright  Heugh  N0. 10 / W. & D. Wright  Heugh  No. 12","","","Permanent collection","","","15. ROAD TRANSPORT | Transport - carts, wagons, horse-drawn vehicles, heavy work trai","Name-plate","W.VC 19","26","6418","","","","","","","","","congruence-science-and-industry","26","congruence-science-and-industry_26","(1)-(8) Eight oval name plates for carts, painted black, with awhite border.. . . W.& D. Wright  Heugh  No.3 / W. & D. Wright  Heugh  No. 4 / W. & D. Wright  Heugh  No. 5 / W. & D. Wright  Heugh  No. 6 / W. & D. Wright  Heugh  No. 7 / W. & D. Wright  Heugh  No. 8 / W. & D.Wright  Heugh  N0. 10 / W. & D. Wright  Heugh  No. 12. "
"1961-01-01T00:00:00.000Z","Science and Technology : Technology","","","","Sled | Hoy, Orkney, Scotland, Northern Europe","|","","","21","Solid wooden wheel, from a four-wheeled sled , used in Hoy","Wood, iron. A solid wooden wheel, iron shod, from a 4-wheeled ""sled""; formerly used in Hoy, Orkney.","","","","","","","Permanent collection","Wood","","15. ROAD TRANSPORT | Transport - carts, wagons, horse-drawn vehicles, heavy work trai","Wheel","W.VC 15","22","6414","","","","","","","","","congruence-science-and-industry","22","congruence-science-and-industry_22","Wood, iron. A solid wooden wheel, iron shod, from a 4-wheeled ""sled""; formerly used in Hoy, Orkney.. . . . "
"1962-01-01T00:00:00.000Z","Science and Technology : Technology","","Thomas Finnie and Co. | John Bennet","institution | person","Leith, Edinburgh, Midlothian, Scotland, Northern Europe","","","","22","Scale model of a horse with its harness and a cart, formerly displayed in the window of John Bennet, contractor, Leith","A scale model of a horse with its harness and a cart with builtup sides, formerly displayed in the window of John Bennet, Contractor, Leith; red painted stand.","","","","On sides: Thomas finnie & Co., Contractors, Leith","","","Permanent collection","","","15. ROAD TRANSPORT | Transport - carts, wagons, horse-drawn vehicles, heavy work trai","Horse / model | Cart / model","W.VC 16","23","6415","","","","","","","","","congruence-science-and-industry","23","congruence-science-and-industry_23","A scale model of a horse with its harness and a cart with builtup sides, formerly displayed in the window of John Bennet, Contractor, Leith; red painted stand.. . . On sides: Thomas finnie & Co., Contractors, Leith. "
"1962-01-01T00:00:00.000Z","Science and Technology : Technology","","R. Paterson","person","","","","","23","Coup-cart with a red cut-out fiddle ornament on the front board","A coup-cart with a cut out fiddle ornament on the front board; blue body, red wheels, red ornament. Used on the donor's farm [R. Paterson].","","","","","","","Permanent collection","","","15. ROAD TRANSPORT | Transport - carts, wagons, horse-drawn vehicles, heavy work trai","Cart, coup","W.VC 17","24","6416","","","","","","","","","congruence-science-and-industry","24","congruence-science-and-industry_24","A coup-cart with a cut out fiddle ornament on the front board; blue body, red wheels, red ornament. Used on the donor's farm [R. Paterson].. . . . "
"1964-01-01T00:00:00.000Z","Science and Technology : Technology","","J.D Forrest | S.S. Forrest","person | person","Duns, Berwickshire, Scotland, Northern Europe","","","","24","Horse-drawn pig float","Iron, wood. A horse-drawn pig float, with 2 iron shod wheels, apair of wooden shafts, and a body of horizontal planks with gaps between, and an iron top rail; there are two iron rings for tying pigs at the front, and a pair of slots to contain planks or a door (missing) to close them in at the front end; an oval nameplate (more recent addition).","","","","On name-plate: J.D. & S.S. Forrest, No. 7, Middlefield, Duns","","","Permanent collection","Iron","","15. ROAD TRANSPORT | Transport - carts, wagons, horse-drawn vehicles, heavy work trai","Float, pig","W.VC 18","25","6417","","","","","","","","","congruence-science-and-industry","25","congruence-science-and-industry_25","Iron, wood. A horse-drawn pig float, with 2 iron shod wheels, apair of wooden shafts, and a body of horizontal planks with gaps between, and an iron top rail; there are two iron rings for tying pigs at the front, and a pair of slots to contain planks or a door (missing) to close them in at the front end; an oval nameplate (more recent addition).. . . On name-plate: J.D. & S.S. Forrest, No. 7, Middlefield, Duns. "
"1966-01-01T00:00:00.000Z","Science and Technology : Technology","","","","","","","","26","Wooden cart axle","Wood, leather. A wooden cart with the remnants of leather patches nailed on the hubs. There is a hole through the axle at either side, before the hubs and [a drawing], [a curved horizontal line connecting two vertical lines which become broken above the horizontal], is carved into it at the centre.","","","","","","","Permanent collection","Wood","","15. ROAD TRANSPORT | Transport - carts, wagons, horse-drawn vehicles, heavy work trai","Axle, cart","W.VC 20","27","6419","","","","","","","","","congruence-science-and-industry","27","congruence-science-and-industry_27","Wood, leather. A wooden cart with the remnants of leather patches nailed on the hubs. There is a hole through the axle at either side, before the hubs and [a drawing], [a curved horizontal line connecting two vertical lines which become broken above the horizontal], is carved into it at the centre.. . . . "
"1965-01-01T00:00:00.000Z","Science and Technology : Technology","","","","Bass Rock Farm, North Berwick, East Lothian, Scotland, Northern Europe","","","","27","Green painted box or coup cart","A green-painted box (coup) cart (green over red), with a red bolster and red wheels. Axle and wheel are missing.","","","Collections Reunited - 2017-06-20: Shafts and body moving together until further notice but not attached: Mercer, Katherine J. (NMS) | Collections Reunited - 2017-06-16: Shafts and body present but not attached: Reiss, Ben (NMS).","","","","Permanent collection","","","15. ROAD TRANSPORT | Transport - carts, wagons, horse-drawn vehicles, heavy work trai","Cart, box / cart, coup","W.VC 21","28","6420","","","","","","","","","congruence-science-and-industry","28","congruence-science-and-industry_28","A green-painted box (coup) cart (green over red), with a red bolster and red wheels. Axle and wheel are missing.. . Collections Reunited - 2017-06-20: Shafts and body moving together until further notice but not attached: Mercer, Katherine J. (NMS) | Collections Reunited - 2017-06-16: Shafts and body present but not attached: Reiss, Ben (NMS).. . "
"1965-01-01T00:00:00.000Z","Science and Technology : Technology","","Hunter, James G., 1959 - 1987 (fl.)","person","Brownhill, Auchterless, Aberdeenshire, Scotland, Northern Europe","","","","28","Blue painted box or coup cart, used at Brownhill, Auchterless","A blue painted box (coup) cart with red wheels and underparts; [with] name-plate on the front-board; there are four blue-painted shelvings, red painted shafts and a red-painted wooden frame.  Purchased from J. Hunter for 3[.0.0]. WF note, May 1999: Pin for shaft missing.","","","","James Hunter  Brownhill, Turriff. No. 2","","","Permanent collection","","","15. ROAD TRANSPORT | Transport - carts, wagons, horse-drawn vehicles, heavy work trai","Cart, box / cart, coup","W.VC 22.1","29","6421","","","","","","","","","congruence-science-and-industry","29","congruence-science-and-industry_29","A blue painted box (coup) cart with red wheels and underparts; [with] name-plate on the front-board; there are four blue-painted shelvings, red painted shafts and a red-painted wooden frame.  Purchased from J. Hunter for 3[.0.0]. WF note, May 1999: Pin for shaft missing.. . . James Hunter  Brownhill, Turriff. No. 2. "
"1965-01-01T00:00:00.000Z","Science and Technology : Technology","","","","Rhum, Inverness-shire, Scotland, Northern Europe","","","","29","Four-wheeled gig with white ornamentation, used on the island of Rum","A four-wheeled gig originally painted blue, with white ornamentation; the body is in the form of a box with a hinged back door. One shaft is in position, the other is broken. Formerly used on the island of Rum.","","","","","","","Permanent collection","","","15. ROAD TRANSPORT | Transport - carts, wagons, horse-drawn vehicles, heavy work trai","Gig","W.VC 23","30","6422","","","","","","","","","congruence-science-and-industry","30","congruence-science-and-industry_30","A four-wheeled gig originally painted blue, with white ornamentation; the body is in the form of a box with a hinged back door. One shaft is in position, the other is broken. Formerly used on the island of Rum.. . . . "
"1965-01-01T00:00:00.000Z","Science and Technology : Technology","","Hastie and Denholm","person","Fair-a-Far Farm, Cramond, Edinburgh, Midlothian, Scotland, Northern Europe","","","","30","Four-wheeled cart, used at Fair-a-Far Farm, Cramond","A four-wheeled lorry, there is a pair (1) of red painted shafts.  E. Edwards note, 4 August 2012: [VC 24.1] Cart. [VC 24.2] Shafts.","Overall: Height 1430mm. Overall: Length 2900mm. Overall: Width 1700mm","","","On each side: Hastie & Denholm, Cramond / on back board: Hastie & Denholm, Fair-a-Far Farm, Cramond / on front: No.3","","","Permanent collection","","","15. ROAD TRANSPORT | Transport - carts, wagons, horse-drawn vehicles, heavy work trai","Lorry","W.VC 24.1","31","6423","","","","","","","","","congruence-science-and-industry","31","congruence-science-and-industry_31","A four-wheeled lorry, there is a pair (1) of red painted shafts.  E. Edwards note, 4 August 2012: [VC 24.1] Cart. [VC 24.2] Shafts.. . . On each side: Hastie & Denholm, Cramond / on back board: Hastie & Denholm, Fair-a-Far Farm, Cramond / on front: No.3. "
"1965-01-01T00:00:00.000Z","Science and Technology : Technology","","Hastie and Denholm","person","Fair-a-Far Farm, Cramond, Edinburgh, Midlothian, Scotland, Northern Europe","","","","31","Harvest cart, used at Fair-a-Far Farm, Cramond","Iron. A harvest cart with fixed, green-painted shafts red painted wheels; there are solid iron wheel covers. Formerly used on Fair-a-Far Farm, Cramond. From W# record: Mounted on sprung axle, mild steel wheel arches.","","","","","","","Permanent collection","","","15. ROAD TRANSPORT | Transport - carts, wagons, horse-drawn vehicles, heavy work trai","Cart, harvest","W.VC 25","32","6424","","","","","","","","","congruence-science-and-industry","32","congruence-science-and-industry_32","Iron. A harvest cart with fixed, green-painted shafts red painted wheels; there are solid iron wheel covers. Formerly used on Fair-a-Far Farm, Cramond. From W# record: Mounted on sprung axle, mild steel wheel arches.. . . . "
"1867-12-10T00:00:00.000Z","Science and Technology : Technology","","","","Minera Mine, Wrexham, Wales, Northern Europe","","","","2129","One of a collection of specimens illustrating lead manufacture - lead smelting and desilverizing - a sample of galena from Minera Mine, near Wrexham, crushed into small pieces and washed for smelting","[One of] Illustrations of Lead Manufactures. - Lead Smelting and Desilverizing. - 4. Galena (Sulphide of Lead). From Minera mine, near Wrexham. Crushed into small pieces and washed for smelting. K. Grant note, 10 August 2015: Galena, also called lead glance, is the natural mineral form of lead(II) sulfide. It is the most important ore of lead and an important source of silver.","Box: Height 39mm. Box: Width 153mm. Box: Depth 137mm. Overall: Weight 803g","","","","","","Permanent collection","Galena","Whole","6. NON-FERROUS METALS, Lead","Specimen / lead / manufacture / smelting / desilverizing / sampl","T.1867.61.4","2130","200670","","","","","","","PF1053131","","congruence-science-and-industry","33","congruence-science-and-industry_33","[One of] Illustrations of Lead Manufactures. - Lead Smelting and Desilverizing. - 4. Galena (Sulphide of Lead). From Minera mine, near Wrexham. Crushed into small pieces and washed for smelting. K. Grant note, 10 August 2015: Galena, also called lead glance, is the natural mineral form of lead(II) sulfide. It is the most important ore of lead and an important source of silver.. . . . "
"1965-01-01T00:00:00.000Z","Science and Technology : Technology","","Hastie and Denholm","person","Fair-a-Far Farm, Cramond, Edinburgh, Midlothian, Scotland, Northern Europe","","","","32","Harvest cart, used at Fair-a-Far Farm, Cramond","Iron, enamel. A harvest cart as above, [[W.]1965.1639], with an enamelled plate on the side of the shaft; there are open iron frames over the wheels and a three barred iron grid at the front of the cart. Formerly used at Fair-a-Far Farm, Cramond. [W# description - Two-wheeled flat-bed cart with metal tyres].","","","","On plate: Hastie & Denholm  Fair-a-Far  Cramond","","","Permanent collection","Enamel | Iron","|","15. ROAD TRANSPORT | Transport - carts, wagons, horse-drawn vehicles, heavy work trai","Cart, harvest","W.VC 26","33","6425","","","","","","","","","congruence-science-and-industry","34","congruence-science-and-industry_34","Iron, enamel. A harvest cart as above, [[W.]1965.1639], with an enamelled plate on the side of the shaft; there are open iron frames over the wheels and a three barred iron grid at the front of the cart. Formerly used at Fair-a-Far Farm, Cramond. [W# description - Two-wheeled flat-bed cart with metal tyres].. . . On plate: Hastie & Denholm  Fair-a-Far  Cramond. "
"1965-01-01T00:00:00.000Z","Science and Technology : Technology","","","","Bass Rock Farm, North Berwick, East Lothian, Scotland, Northern Europe","","","","34","""Iron horse"" for use with cart shafts for tractor draught","Iron. An ""iron horse"" for use with cart shafts for tractor draught.","Overall: Length 2480mm. Overall: Width 1200mm. Overall: Height 630mm","","","","","","Permanent collection","Iron","Whole","15. ROAD TRANSPORT | Transport - carts, wagons, horse-drawn vehicles, heavy work trai","Horse","W.VC 29","35","6428","","","","","","W.PC 14","","","congruence-science-and-industry","36","congruence-science-and-industry_36","Iron. An ""iron horse"" for use with cart shafts for tractor draught.. . . . "
"1966-01-01T00:00:00.000Z","Science and Technology : Technology","","","","Silvermills, Coldingham, Berwickshire, Scotland, Northern Europe","","","","35","Cart with a fast body, from Silvermills, Coldingham","Iron. A cart with a fast body, green-painted, with detachable red shelvings, iron axle and hub caps, and slightly dished wheels.  Name plate illegible. (From Silvermills, Coldingham, Berwickshire).","","","","","","","Permanent collection","","","15. ROAD TRANSPORT | Transport - carts, wagons, horse-drawn vehicles, heavy work trai","Cart","W.VC 30","36","6429","","","","","","","","","congruence-science-and-industry","37","congruence-science-and-industry_37","Iron. A cart with a fast body, green-painted, with detachable red shelvings, iron axle and hub caps, and slightly dished wheels.  Name plate illegible. (From Silvermills, Coldingham, Berwickshire).. . . . "
"1967-01-01T00:00:00.000Z","Science and Technology : Technology","","Alan Burns","person","Long cart | Cumbernauld, Dunbartonshire, Scotland, Northern Europe","|","","","36","Cart name-plate of brass, from a long cart made during World War I","Brass. A cart name plate, oval, brass. From a long cart made during the 1914 - 18 war.","","","","Capt. Alan Burns  No. 7  of Cumbernauld [number painted red, name painted blue]","","","Permanent collection","Brass","Whole","15. ROAD TRANSPORT | Transport - carts, wagons, horse-drawn vehicles, heavy work trai","Name-plate","W.VC 32","37","6431","","","","","","","","","congruence-science-and-industry","38","congruence-science-and-industry_38","Brass. A cart name plate, oval, brass. From a long cart made during the 1914 - 18 war.. . . Capt. Alan Burns  No. 7  of Cumbernauld [number painted red, name painted blue]. "
"1967-01-01T00:00:00.000Z","Science and Technology : Technology","","Alan Burns, Esq | Alan Burns, Esq | Jack of Maybole","person | person | person","Cumbernauld, Dunbartonshire, Scotland, Northern Europe","","","","37","Cart name-plate of brass","Brass. As above, [[W.]1967.507, A cart name plate, oval, brass].[(This and VC [34] are from the side of Jack of Maybole carts, dating from between 1901-14)].","","","","Alan Burns  Esq  No.1  Cumbernauld","","","Permanent collection","Brass","Whole","15. ROAD TRANSPORT | Transport - carts, wagons, horse-drawn vehicles, heavy work trai","Name-plate","W.VC 33","38","6432","1914","1901","1901 - 1914","","","","","","congruence-science-and-industry","39","congruence-science-and-industry_39","Brass. As above, [[W.]1967.507, A cart name plate, oval, brass].[(This and VC [34] are from the side of Jack of Maybole carts, dating from between 1901-14)].. . . Alan Burns  Esq  No.1  Cumbernauld. "
"1967-01-01T00:00:00.000Z","Science and Technology : Technology","","Alan Burns, Esq | Jack of Maybole","person | person","Cumbernauld, Dunbartonshire, Scotland, Northern Europe","","","","38","Cart name-plate of brass","Brass. As above, [[W.]1967.507, A cart name plate, oval, brass]. This and VC 33 above are from the sides of Jack of Maybole Carts, dating from between 1901-14.","","","","Alan Burns  Esq  Cumbernauld","","","Permanent collection","Brass","Whole","15. ROAD TRANSPORT | Transport - carts, wagons, horse-drawn vehicles, heavy work trai","Name-plate","W.VC 34","39","6433","","","","","","","","","congruence-science-and-industry","40","congruence-science-and-industry_40","Brass. As above, [[W.]1967.507, A cart name plate, oval, brass]. This and VC 33 above are from the sides of Jack of Maybole Carts, dating from between 1901-14.. . . Alan Burns  Esq  Cumbernauld. "
"1967-01-01T00:00:00.000Z","Science and Technology : Technology","","","","Lanark, Lanarkshire, Scotland, Northern Europe","","","","39","Wooden shelving for a cart or wagon","Wood, iron. A wooden ""shelving"" for a cart or wagon with two iron spikes for holding it upright in slots; painted blue and gold, with an overlay of red, with the name ""LANARK"" in yellow, withblue outlines, on one side.","","","","On one side: LANARK [painted]","","","Permanent collection","Wood","","15. ROAD TRANSPORT | Transport - carts, wagons, horse-drawn vehicles, heavy work trai","Shelving, cart / shelving, wagon","W.VC 35","40","6434","","","","","","","","","congruence-science-and-industry","41","congruence-science-and-industry_41","Wood, iron. A wooden ""shelving"" for a cart or wagon with two iron spikes for holding it upright in slots; painted blue and gold, with an overlay of red, with the name ""LANARK"" in yellow, withblue outlines, on one side.. . . On one side: LANARK [painted]. "
"1980-11-10T00:00:00.000Z","Science and Technology : Technology","","","","","","Bamford","","56","Bamford 'Atom' cultivator with implements","Bamford cultivator with implements.","","","","Atom","","","Permanent collection","","","15. ROAD TRANSPORT | Transport - tractors","Cultivator / implement","W.1980.71","57","7928","","","","","","","","","congruence-science-and-industry","42","congruence-science-and-industry_42","Bamford cultivator with implements.. . . Atom. "
"1968-01-01T00:00:00.000Z","Science and Technology : Technology","","","","Water barrel | Peaston Farm, Ormiston, East Lothian, Scotland, Northern Europe","|","Scoular","","40","Pair of iron-shod wheels, used with a water barrel","Iron. A pair of red-painted, iron shod wheels. Used with a water barrel.","","","Collections Reunited - 2017-03-28: In two packages: Reiss, Ben (NMS)","On side of nave: Scoular, haddington  2  1822","","","Permanent collection","Iron","","15. ROAD TRANSPORT | Transport - carts, wagons, horse-drawn vehicles, heavy work trai","Wheel","W.VC 36","41","6435","1882","1882","1882","Haddington, East Lothian, Scotland, Northern Europe","","","","","congruence-science-and-industry","43","congruence-science-and-industry_43","Iron. A pair of red-painted, iron shod wheels. Used with a water barrel.. . Collections Reunited - 2017-03-28: In two packages: Reiss, Ben (NMS). On side of nave: Scoular, haddington  2  1822. "
"1968-01-01T00:00:00.000Z","Science and Technology : Technology","","","","Archbank Farm, Moffat, Dumfriesshire, Scotland, Northern Europe","","","","41","Horse-drawn hay bogey, with iron wheels, and ropes on the cylinder-shaped pulleys, from Archbank Farm, Moffat, Dumfriesshire, Scotland","Iron. A horse-drawn hay bogey, with iron wheels, and ropes on the cylinder-shaped pulleys. From Archbank Farm, Moffat, Dumfriesshire, Scotland.","Overall: Length 5100mm. Overall: Width 1980mm. Overall: Height 1050mm","","","","","","Permanent collection","","","15. ROAD TRANSPORT | Transport - carts, wagons, horse-drawn vehicles, heavy work trai","Bogey, hay","W.VC 38","42","6437","","","","","","","","","congruence-science-and-industry","44","congruence-science-and-industry_44","Iron. A horse-drawn hay bogey, with iron wheels, and ropes on the cylinder-shaped pulleys. From Archbank Farm, Moffat, Dumfriesshire, Scotland.. . . . "
"1968-01-01T00:00:00.000Z","Science and Technology : Technology","","","","","","Alexr. Pennycook","","42","Metal, cart name-plate","Metal. A cart-name plate. metal,","","","","Alexr. Pennycook  Winton West Mains No. 2","","","Permanent collection","Metal","Whole","15. ROAD TRANSPORT | Transport - carts, wagons, horse-drawn vehicles, heavy work trai","Name-plate","W.VC 40","43","6439","","","","","","","","","congruence-science-and-industry","45","congruence-science-and-industry_45","Metal. A cart-name plate. metal,. . . Alexr. Pennycook  Winton West Mains No. 2. "
"1968-01-01T00:00:00.000Z","Science and Technology : Technology","","D. Cunningham | E. Garlton","person | person","","","","","43","Metal, cart name-plate","Metal. A cart-name plate. metal,","","","","D. Cunningham  No.20  E. Garlton","","","Permanent collection","Metal","Whole","15. ROAD TRANSPORT | Transport - carts, wagons, horse-drawn vehicles, heavy work trai","Name-plate","W.VC 41","44","6440","","","","","","","","","congruence-science-and-industry","46","congruence-science-and-industry_46","Metal. A cart-name plate. metal,. . . D. Cunningham  No.20  E. Garlton. "
"1989-01-17T00:00:00.000Z","Science and Technology : Technology","","","","","","","","44","Typewriter eraser","Typewriter eraser.","","","","","","","Permanent collection","","","Writing objects - quills, sanders, etc","Eraser","W.1987.53","45","7637","","","","","","","","","congruence-science-and-industry","47","congruence-science-and-industry_47","Typewriter eraser.. . . . "
"1863-07-31T00:00:00.000Z","Science and Technology : Technology","","Tuer and Hall","person","","","Faulkner, G., c. 1850 - 1893 (fl.)","Lithographer","1660","One of a series of lithographs of machines employed in textile manufacture - a raising machine, with a plan and two elevations","Lithographs of Machines employed in Textile Manufacture. Raising Machine; plan and two elevations. K. Grant note, 11 November 2011: lithograph by G. Faulkner, Manchester, ""Raising Machine"", date unknown, showing a raising machine with a plan and two elevations manufactured by Tuer and Hall, Hope Foundry, Bury near Manchester. 578 mm H x 878 mm W. 'Geo. Faulkner lith. Manchester'.","Overall: Height 578mm Accurate. Overall: Width 878mm Accurate","","","RAISING MACHINE, / TUER & HALL, MACHINISTS, / BURY, NEAR MANCHESTER.","","Top centre","Permanent collection","Paper","Whole","14. INDUSTRIES, Textiles","Lithograph","T.1863.1006.3","1661","189338","","","","Manchester, Lancashire, England, Northern Europe","","","","","congruence-science-and-industry","563","congruence-science-and-industry_563","Lithographs of Machines employed in Textile Manufacture. Raising Machine; plan and two elevations. K. Grant note, 11 November 2011: lithograph by G. Faulkner, Manchester, ""Raising Machine"", date unknown, showing a raising machine with a plan and two elevations manufactured by Tuer and Hall, Hope Foundry, Bury near Manchester. 578 mm H x 878 mm W. 'Geo. Faulkner lith. Manchester'.. . . RAISING MACHINE, / TUER & HALL, MACHINISTS, / BURY, NEAR MANCHESTER.. "
"1988-10-06T23:00:00.000Z","Science and Technology : Technology","","Drysdale, William R.B., 1980 - 1987 (fl.)","person","Hillend Farm, Edinburgh, Midlothian, Scotland, Northern Europe","","","","45","Strakes, 2 no. castings, for attachment to Ford-Ferguson tractor wheels. No iron spuds are loose","Strakes, 2 no. castings, for attachment to Ford-Ferguson tractorwheels. - no iron spuds loose. Purchased at roup at Hillend Farm, Fairmilehead, 3.10.88, at retiral of Willie Drysdale, farmer.","","","","","","","Permanent collection","","","15. ROAD TRANSPORT | Transport - tractors","Strake","W.1988.51","46","7786","","","","","","","","","congruence-science-and-industry","48","congruence-science-and-industry_48","Strakes, 2 no. castings, for attachment to Ford-Ferguson tractorwheels. - no iron spuds loose. Purchased at roup at Hillend Farm, Fairmilehead, 3.10.88, at retiral of Willie Drysdale, farmer.. . . . "
"1979-03-28T23:00:00.000Z","Science and Technology : Technology","","","","","","","","46","Victoria carriage, painted light blue","Victoria carriage.  WF note, December 2000: Painted light blue.","Overall: Height 2500mm. Overall: Length 3200mm. Overall: Width 1750mm","","","","","","Permanent collection","","","15. ROAD TRANSPORT | Transport - four-wheeled vehicles for pleasure or light work","Carriage","W.1979.12","47","7798","","","","","","","25988","","congruence-science-and-industry","49","congruence-science-and-industry_49","Victoria carriage.  WF note, December 2000: Painted light blue.. . . . "
"1979-03-28T23:00:00.000Z","Science and Technology : Technology","","","","","","","","47","Dog cart, restored and painted blue","Dog cart.  WF note, May 1999: Restored and painted blue.","Overall: Height 1850mm. Overall: Length 2400mm. Overall: Width 1600mm","","","","","","Permanent collection","","","15. ROAD TRANSPORT | Transport - carts, wagons, horse-drawn vehicles, heavy work trai","Dog cart","W.1979.13","48","7799","","","","","","","","","congruence-science-and-industry","50","congruence-science-and-industry_50","Dog cart.  WF note, May 1999: Restored and painted blue.. . . . "
"1979-10-31T00:00:00.000Z","Science and Technology : Technology","","","","","","","","48","Box cart tail board","Box cart tail board.","","","","","","","Permanent collection","","","15. ROAD TRANSPORT | Transport - carts, wagons, horse-drawn vehicles, heavy work trai","Tail board","W.1979.46","49","7846","","","","","","","","","congruence-science-and-industry","51","congruence-science-and-industry_51","Box cart tail board.. . . . "
"1858-03-26T00:00:00.000Z","Science and Technology : Technology","","","","","","","","640","One of a group of specimens of English and Welsh railway bars - a section of chair for bridge or flat-bottomed rails, rolled in 1856 at Rhymney, Glamorganshire","[One of] Specimens of English & Welsh Railway Bars &c. - 5. Section of chair for Bridge or flat bottomed rails, rolled at Rhymney in 1856.   MSS Register - Sold for scrap. Minute of Disposal Board. 5.11.46.","Whole: Height 31mm. Whole: Width 85mm. Whole: Depth 74mm. Weight: Weight 1.56kg","","Stamped with an incorrect number on side of object '232 5'. Object not scrapped, found during stores work 22/03/2023.","","","","Permanent collection","Iron","Whole","6. FERROUS METALS","Specimen / railway bar / chair, bridge rail / chair, flat-bottom","T.1858.233.5","641","177660","1856","1856","1856","Rhymney, Glamorganshire, Wales, Northern Europe","","","","","congruence-science-and-industry","661","congruence-science-and-industry_661","[One of] Specimens of English & Welsh Railway Bars &c. - 5. Section of chair for Bridge or flat bottomed rails, rolled at Rhymney in 1856.   MSS Register - Sold for scrap. Minute of Disposal Board. 5.11.46.. . Stamped with an incorrect number on side of object '232 5'. Object not scrapped, found during stores work 22/03/2023.. . "
"2018-06-05T23:00:00.000Z","Science and Technology : Technology","","","","","","Scottish Aviation Ltd","Maker","35886","Drawing of installation of co-ordinate meter, drawing number SA-DAK-80-13, one of a collection of drawings relating to luxury civilian conversions of military Douglas Dakota aircraft, produced by Scottish Aviation Limited for engineering work and manufacturing purposes, dated 25 July 1962","","","","One of a collection of drawings, produced by Scottish Aviation Limited for engineering work and manufacturing purposes, and used on various projects carried out by Scottish Aviation Limited.

Most of the drawings relate to SAL work done in the late 1940s to convert ex-military Douglas C-47 Dakota aircraft for civilian use, primarily by British European Airways. There are also a large number of technical drawings of the Scottish Aviation Scamp electric car plus drawings for Grumman Mallard conversion, Beech 18 G-ASUG conversion, Lockheed Constellation & Super Constellation, Douglas Skyraider for the Swedish Air Force, and McEwan-King seat locks.","","","","Permanent collection","Paper | Plastic","Drawings | Coating","1. AERONAUTICS, documents","Engineering drawing","EF.2018.6.1322","35887","905595","1962","1962","1962","Prestwick International Airport, Ayrshire, Scotland, Northern Europe","","","","","congruence-science-and-industry","35886","congruence-science-and-industry_35886",". . One of a collection of drawings, produced by Scottish Aviation Limited for engineering work and manufacturing purposes, and used on various projects carried out by Scottish Aviation Limited.

Most of the drawings relate to SAL work done in the late 1940s to convert ex-military Douglas C-47 Dakota aircraft for civilian use, primarily by British European Airways. There are also a large number of technical drawings of the Scottish Aviation Scamp electric car plus drawings for Grumman Mallard conversion, Beech 18 G-ASUG conversion, Lockheed Constellation & Super Constellation, Douglas Skyraider for the Swedish Air Force, and McEwan-King seat locks.. . "
"1980-03-14T00:00:00.000Z","Science and Technology : Technology","","","","","","Miller","","49","Ayrshire long cart by Miller of Hillhead, Ochiltree","Ayrshire long cart by Miller of Hillhead, Ochiltree.","Overall: Height 1650mm. Overall: Length 4450mm. Overall: Width 1800mm","","","","","","Permanent collection","","","15. ROAD TRANSPORT | Transport - carts, wagons, horse-drawn vehicles, heavy work trai","Cart, long","W.1980.14","50","7871","","","","Hillhead, Ochiltree, Ayrshire, Scotland, Northern Europe","","","","","congruence-science-and-industry","52","congruence-science-and-industry_52","Ayrshire long cart by Miller of Hillhead, Ochiltree.. . . . "
"1980-03-14T00:00:00.000Z","Science and Technology : Technology","","","","","","MacIntyre","","50","Box cart by MacIntyre of the Moat","Box cart made by MacIntyre of the Moat, with shelmets.","Overall: Length 2340mm. Overall: Width 1800mm. Overall: Height 580mm","","W#.0254 is part of this cart.","","","","Permanent collection","","","15. ROAD TRANSPORT | Transport - carts, wagons, horse-drawn vehicles, heavy work trai","Box cart","W.1980.15.1","51","7872","","","","Ochiltree, Ayrshire, Scotland, Northern Europe","","","","","congruence-science-and-industry","53","congruence-science-and-industry_53","Box cart made by MacIntyre of the Moat, with shelmets.. . W#.0254 is part of this cart.. . "
"1980-03-14T00:00:00.000Z","Science and Technology : Technology","","","","","","","","51","Box cart made in 1924 or 1925 at Hillhead","Box cart made in 1924 or 1925 at Hillhead.","","","","","","","Permanent collection","","","15. ROAD TRANSPORT | Transport - carts, wagons, horse-drawn vehicles, heavy work trai","Box cart","W.1980.16","52","7873","1924 | 1925","1924 | 1925","1924 | 1925","Hillhead, Ochiltree, Ayrshire, Scotland, Northern Europe","","","","","congruence-science-and-industry","54","congruence-science-and-industry_54","Box cart made in 1924 or 1925 at Hillhead.. . . . "
"1980-03-14T00:00:00.000Z","Science and Technology : Technology","","","","","","Miller","","52","Box cart body made by Miller of Hillhead","Box cart body made by Miller of Hillhead.","","","","","","","Permanent collection","","","15. ROAD TRANSPORT | Transport - carts, wagons, horse-drawn vehicles, heavy work trai","Cart, box / portion","W.1980.17","53","7874","","","","Hillhead, Ochiltree, Ayrshire, Scotland, Northern Europe","","","","","congruence-science-and-industry","55","congruence-science-and-industry_55","Box cart body made by Miller of Hillhead.. . . . "
"1980-07-02T23:00:00.000Z","Science and Technology : Technology","","","","","","","","54","Five cart axle pins, with hole at one end, iron","Five cart axle pins. ORF: Number of Items: 5. Department Section: Scottish Modern History. NMS Object Category: Scottish Country Life. Object Name: Cart axle pins. Description: Five identical iron cart axle pins, each with a hole at one end. PHYSICAL CHARACTERISTICS Materials: Iron. Dimensions: H. 50 mm; L. 110 mm; W. 30 mm. NOTES and DOCUMENTATION Supplementary Information?: No. CONDITION Condition: Fair, but rusty. Has Conservation Quarantine check been carried out? No. Completed By: Kate Mackay; Date: 10/09/09. J. Macrae note, 2012-02-17: These items were mistakenly re-registered as W.2009.15, but have reverted to their original number.","Overall: Height 50mm. Overall: Length 110mm. Overall: Width 30mm","","This item was mistakenly re-registered as W.2009.15 in 2009.  It has reverted back to its original number.","","","","Permanent collection","Iron","Whole","15. ROAD TRANSPORT","Axle pin","W.1980.46","55","7903","","","","","","","","","congruence-science-and-industry","57","congruence-science-and-industry_57","Five cart axle pins. ORF: Number of Items: 5. Department Section: Scottish Modern History. NMS Object Category: Scottish Country Life. Object Name: Cart axle pins. Description: Five identical iron cart axle pins, each with a hole at one end. PHYSICAL CHARACTERISTICS Materials: Iron. Dimensions: H. 50 mm; L. 110 mm; W. 30 mm. NOTES and DOCUMENTATION Supplementary Information?: No. CONDITION Condition: Fair, but rusty. Has Conservation Quarantine check been carried out? No. Completed By: Kate Mackay; Date: 10/09/09. J. Macrae note, 2012-02-17: These items were mistakenly re-registered as W.2009.15, but have reverted to their original number.. . This item was mistakenly re-registered as W.2009.15 in 2009.  It has reverted back to its original number.. . "
"1980-11-10T00:00:00.000Z","Science and Technology : Technology","","","","","","B. M. B. Limited","","57","BMB Plowmate light tractor","BMB light tractor.","","","","Plowmate","","","Permanent collection","","","15. ROAD TRANSPORT | Transport - tractors","Tractor","W.1980.72","58","7929","","","","","","","","","congruence-science-and-industry","58","congruence-science-and-industry_58","BMB light tractor.. . . Plowmate. "
"1982-01-05T00:00:00.000Z","Science and Technology : Technology","","","","Aberlady, East Lothian, Scotland, Northern Europe","","","","58","One of two coach lamps from an Aberlady vegetable cart, used about 1875-1926","[One of] Two coach lamps from an Aberlady vegetable cart, used c. 1875-1926.","","","","","","","Permanent collection","","","15. ROAD TRANSPORT | Transport - carts, wagons, horse-drawn vehicles, heavy work trai","Lamp, coach","W.1982.1.1","59","7960","","","","","","","","","congruence-science-and-industry","59","congruence-science-and-industry_59","[One of] Two coach lamps from an Aberlady vegetable cart, used c. 1875-1926.. . . . "
"1982-01-05T00:00:00.000Z","Science and Technology : Technology","","","","Aberlady, East Lothian, Scotland, Northern Europe","","","","59","One of two coach lamps from an Aberlady vegetable cart, used about 1875-1926","[One of] Two coach lamps from an Aberlady vegetable cart, used c. 1875-1926.","","","","","","","Permanent collection","","","15. ROAD TRANSPORT | Transport - carts, wagons, horse-drawn vehicles, heavy work trai","Lamp, coach","W.1982.1.2","60","7961","","","","","","","","","congruence-science-and-industry","60","congruence-science-and-industry_60","[One of] Two coach lamps from an Aberlady vegetable cart, used c. 1875-1926.. . . . "
"1972-01-01T00:00:00.000Z","Science and Technology : Technology","","","","","","","","72","Rectangular decorated footstep attached to an iron bar, from a gig","Iron. Rectangular, decorated footstep, attached to an iron bar,from a gig.","","","","","","","Permanent collection","Iron","Whole","15. ROAD TRANSPORT | Transport - four-wheeled vehicles for pleasure or light work","Footstep, gig","W.1972.214","73","8843","","","","","","","","","congruence-science-and-industry","73","congruence-science-and-industry_73","Iron. Rectangular, decorated footstep, attached to an iron bar,from a gig.. . . . "
"1969-12-31T23:00:00.000Z","Science and Technology : Technology","","","","Leadhills, Lanarkshire, Scotland, Northern Europe","","","","60","Eleven wooden sleepers, from a mine railway near Leadhills, Lanarkshire","Sleepers, eleven from a mine railway near Leadhills; the longer ones formed the side track, the short ones the cross-sleepers.","","","","","","","Permanent collection","Wood","Whole","6. MINING | 6. NON-FERROUS METALS, Lead | Lead mining","Sleeper, railway","W.1970.118","61","8271","","","","","","","","","congruence-science-and-industry","61","congruence-science-and-industry_61","Sleepers, eleven from a mine railway near Leadhills; the longer ones formed the side track, the short ones the cross-sleepers.. . . . "
"1969-12-31T23:00:00.000Z","Science and Technology : Technology","","","","Leadhills, Lanarkshire, Scotland, Northern Europe","","","","61","Six iron rungs, from a ladder used in the mine near Leadhills","Iron. Rungs, six, from a ladder used in the mine near Leadhills; three rungs have short sections of the wooden sides remaining.","","","","","","","Permanent collection","Iron","Whole","6. MINING | 6. NON-FERROUS METALS, Lead | Lead mining","Rung, ladder","W.1970.119","62","8272","","","","","","","","","congruence-science-and-industry","62","congruence-science-and-industry_62","Iron. Rungs, six, from a ladder used in the mine near Leadhills; three rungs have short sections of the wooden sides remaining.. . . . "
"1969-12-31T23:00:00.000Z","Science and Technology : Technology","","","","Leadhills, Lanarkshire, Scotland, Northern Europe","","","","62","Part of the iron stem of a drill, from Leadhills, Lanarkshire","Iron. Part of the stem of a drill; the notched end represents the remains of the pin hole to take the link from the drill head.","","","","","","","Permanent collection","Iron","Whole","6. MINING | 6. NON-FERROUS METALS, Lead","Stem, drill","W.1970.120","63","8273","","","","","","","","","congruence-science-and-industry","63","congruence-science-and-industry_63","Iron. Part of the stem of a drill; the notched end represents the remains of the pin hole to take the link from the drill head.. . . . "
"1969-12-31T23:00:00.000Z","Science and Technology : Technology","","","","Leadhills, Lanarkshire, Scotland, Northern Europe","","","","63","Two canvas carrying bands, carried in the lead mines near Leadhills","Canvas. Carrying bands, two, with hooks for a creel, carried in the lead mines.","","","","","","","Permanent collection","Canvas","Whole","6. MINING | 6. NON-FERROUS METALS, Lead | Lead mining","Band, carrying","W.1970.121","64","8274","","","","","","","","","congruence-science-and-industry","64","congruence-science-and-industry_64","Canvas. Carrying bands, two, with hooks for a creel, carried in the lead mines.. . . . "
"1969-12-31T23:00:00.000Z","Science and Technology : Technology","","","","","","Thomas Stewart and Co.","","64","Rectangular blade for a brewer's shovel, with six wooden tines, used  for turning grain","Rectangular blade for a brewer's shovel, used for turning grain; it has six wooden tines which slope to a nearly flat end; ink stamped.","","","","THOMAS STEWART & CO / 142(?) LAURISTON PLACE / EDINBURGH / MALTTOOL MAKERS","","","Permanent collection","","","Distilling, brewing and proving","Blade, brewer's shovel","W.1970.122","65","8275","","","","Edinburgh, Midlothian, Scotland, Northern Europe","","","","","congruence-science-and-industry","65","congruence-science-and-industry_65","Rectangular blade for a brewer's shovel, used for turning grain; it has six wooden tines which slope to a nearly flat end; ink stamped.. . . THOMAS STEWART & CO / 142(?) LAURISTON PLACE / EDINBURGH / MALTTOOL MAKERS. "
"1969-12-31T23:00:00.000Z","Science and Technology : Technology","","","","","","Steele","","65","Iron cart name plate, with black, blue and white enamel","Iron. Cart name plate, faced with black enamel on the back and blue enamel on the front, and inscribed in white enamel.","","","","THOMAS ROSS / 4 / NETHER WILLIAMSTON","","","Permanent collection","","","15. ROAD TRANSPORT | Transport - carts, wagons, horse-drawn vehicles, heavy work trai","Name-plate","W.1970.210","66","8368","1930","","Pre 1930","Mid Calder, Midlothian, Scotland, Northern Europe","","","","","congruence-science-and-industry","66","congruence-science-and-industry_66","Iron. Cart name plate, faced with black enamel on the back and blue enamel on the front, and inscribed in white enamel.. . . THOMAS ROSS / 4 / NETHER WILLIAMSTON. "
"1969-12-31T23:00:00.000Z","Science and Technology : Technology","","","","","","","","66","Two cast iron, cart name plates","Cast iron. Cart name plates, two, each has incut corners, raised rim all round and four screw holes. From W# record: Two cart plates with the name ""A. Rugg, Haster"".","","","Collections Reunited (aim to split) - 2017-01-31: Parts labelled .1 and .2: Brown, Vicky (NMS).","A. RUGG / HASTER & No. 3 & No. 8","","","Permanent collection","","","15. ROAD TRANSPORT | Transport - carts, wagons, horse-drawn vehicles, heavy work trai","Name-plate","W.1970.211","67","8369","","","","","","","","","congruence-science-and-industry","67","congruence-science-and-industry_67","Cast iron. Cart name plates, two, each has incut corners, raised rim all round and four screw holes. From W# record: Two cart plates with the name ""A. Rugg, Haster"".. . Collections Reunited (aim to split) - 2017-01-31: Parts labelled .1 and .2: Brown, Vicky (NMS).. A. RUGG / HASTER & No. 3 & No. 8. "
"1969-12-31T23:00:00.000Z","Science and Technology : Technology","","","","","","","","67","Five cart pins","5 cart pins.","","","","","","","Permanent collection","","","15. ROAD TRANSPORT | Transport - carts, wagons, horse-drawn vehicles, heavy work trai","Pin, cart","W.1970.237","68","8397","","","","","","","","","congruence-science-and-industry","68","congruence-science-and-industry_68","5 cart pins.. . . . "
"1970-12-31T23:00:00.000Z","Science and Technology : Technology","","","","","","","","68","Metal tail-board pin for a cart, with a small twisted link, a larger circular link, and the peg","Metal.  Tail board pin for a cart, incorporating a small twisted link, a larger circular link and the peg.","","","","","","","Permanent collection","Metal","Whole","15. ROAD TRANSPORT | Transport - carts, wagons, horse-drawn vehicles, heavy work trai","Pin, tail-board, cart","W.1971.317","69","8721","","","","","","","","","congruence-science-and-industry","69","congruence-science-and-industry_69","Metal.  Tail board pin for a cart, incorporating a small twisted link, a larger circular link and the peg.. . . . "
"1970-12-31T23:00:00.000Z","Science and Technology : Technology","","","","","","Michelin","","69","Two tyre removers for changing motor-cycle or car tyres; metal tubing with a handle and two prongs each with a small wheel at the end","Two gadgets for helping to change tyres on early motor cycles or sometimes cars; made of metal tubing with a handle and two prongs; a small wheel runs at the end of each prong.","","","","","","","Permanent collection","Metal","Whole","15. TRANSPORT, Motorcycle","Tyre remover","W.1971.318","70","8722","","","","Clermont","","","","","congruence-science-and-industry","70","congruence-science-and-industry_70","Two gadgets for helping to change tyres on early motor cycles or sometimes cars; made of metal tubing with a handle and two prongs; a small wheel runs at the end of each prong.. . . . "
"1970-12-31T23:00:00.000Z","Science and Technology : Technology","","","","","","","","70","Iron wedge for holding on the wheel of an Allan oil engine dated about 1911","Iron.  Wedge for holding on the wheel of an Allan oil engine dated about 1911.","","","","","","","Permanent collection","Iron","Whole","15. ROAD TRANSPORT | Transport - tractors","Wedge, wheel, engine","W.1971.319","71","8723","","","","","","","","","congruence-science-and-industry","71","congruence-science-and-industry_71","Iron.  Wedge for holding on the wheel of an Allan oil engine dated about 1911.. . . . "
"1972-01-01T00:00:00.000Z","Science and Technology : Technology","","R. Grieve and Sons, Wheelwright and coachbuilder","person","Hawick, Roxburghshire, Scotland, Northern Europe","","","","71","Two footplates for a gig from a former wheelwright's business","Two footplates for a gig, from a former wheelwright's business.","","","","","","","Permanent collection","","","15. ROAD TRANSPORT | Transport - four-wheeled vehicles for pleasure or light work","Footplate, gig","W.1972.212","72","8841","","","","","","","","","congruence-science-and-industry","72","congruence-science-and-industry_72","Two footplates for a gig, from a former wheelwright's business.. . . . "
"1972-01-01T00:00:00.000Z","Science and Technology : Technology","","","","","","","","73","Lampholder for a gig, attached by an arm to a thin iron rod","Iron. Lamp holder for a gig; attached by an arm to a thin iron rod, with curled finials.","","","","","","","Permanent collection","Iron","Whole","15. ROAD TRANSPORT | Transport - four-wheeled vehicles for pleasure or light work","Lampholder, gig","W.1972.215","74","8844","","","","","","","","","congruence-science-and-industry","74","congruence-science-and-industry_74","Iron. Lamp holder for a gig; attached by an arm to a thin iron rod, with curled finials.. . . . "
"1972-01-01T00:00:00.000Z","Science and Technology : Technology","","","","","","","","74","Pair of wooden lorry wheels with metal rims","Wood and metal. Pair of lorry wheels, wooden, with metal rims.","","","","","","","Permanent collection","","","15. ROAD TRANSPORT | Transport - carts, wagons, horse-drawn vehicles, heavy work trai","Wheel, lorry","W.1972.217","75","8846","","","","","","","","","congruence-science-and-industry","75","congruence-science-and-industry_75","Wood and metal. Pair of lorry wheels, wooden, with metal rims.. . . . "
"1985-05-16T23:00:00.000Z","Science and Technology : Technology","","","","","","","","75","Wooden barrow wheel with axle and brackets","Wooden barrow wheel w. axle. + brackets (2). Treated for worm.","","","","","","","Permanent collection","Wood","Whole","15. ROAD TRANSPORT | Transport - carts, wagons, horse-drawn vehicles, heavy work trai","Barrow wheel","W.1985.63","76","9263","","","","","","","","","congruence-science-and-industry","76","congruence-science-and-industry_76","Wooden barrow wheel w. axle. + brackets (2). Treated for worm.. . . . "
"1985-05-22T23:00:00.000Z","Science and Technology : Technology","","","","","","","","76","Coach lamp","Coach lamp. New glass made for front section.","","","","","","","Permanent collection","Glass","Whole","15. ROAD TRANSPORT | Transport - four-wheeled vehicles for pleasure or light work","Lamp, coach","W.1985.67","77","9267","","","","","","","","","congruence-science-and-industry","77","congruence-science-and-industry_77","Coach lamp. New glass made for front section.. . . . "
"1985-11-19T00:00:00.000Z","Science and Technology : Technology","","","","","","","","77","Spherical, partly opaque, electric light bulb","POSSIBLE ASBESTOS HAZARD. Electric light bulb. Spherical, partly opaque.","","","","","","","Permanent collection","","","8. ELECTRICAL AND ELECTRONIC ENGINEERING, Installation | Lighting - lamps - of all kinds","Bulb, light","W.1985.217","78","9422","","","","","","","","","congruence-science-and-industry","78","congruence-science-and-industry_78","POSSIBLE ASBESTOS HAZARD. Electric light bulb. Spherical, partly opaque.. . . . "
"1985-11-19T00:00:00.000Z","Science and Technology : Technology","","","","","","","","78","Electric light bulb, with top shaped with ribbing","POSSIBLE ASBESTOS HAZARD. Electric light bulb. Topped shaped with ribbing.","","","","","","","Permanent collection","","","8. ELECTRICAL AND ELECTRONIC ENGINEERING, Installation | Lighting - lamps - of all kinds","Bulb, light","W.1985.218","79","9423","","","","","","","","","congruence-science-and-industry","79","congruence-science-and-industry_79","POSSIBLE ASBESTOS HAZARD. Electric light bulb. Topped shaped with ribbing.. . . . "
"1985-09-17T23:00:00.000Z","Science and Technology : Technology","","","","","","","","79","Model of logging cart","Model of logging cart made by the donor.","","","","","","","Permanent collection","","","15. ROAD TRANSPORT | Transport - carts, wagons, horse-drawn vehicles, heavy work trai","Model","W.1985.224","80","9429","","","","","","","","","congruence-science-and-industry","80","congruence-science-and-industry_80","Model of logging cart made by the donor.. . . . "
"1986-10-15T23:00:00.000Z","Science and Technology : Technology","","","","","","","","80","Motorcycle chain link-pin remover, ""The Coventry""","Motorcycle chain link-pin remover.","","","","The Coventry","","","Permanent collection","","","15. TRANSPORT, Motorcycle","Link-pin remover","W.1986.58","81","9490","","","","","","","","","congruence-science-and-industry","81","congruence-science-and-industry_81","Motorcycle chain link-pin remover.. . . The Coventry. "
"1982-02-05T00:00:00.000Z","Science and Technology : Technology","","Rotary Club, Winnipeg","person","Red River, Winnipeg, Manitoba, Canada, North America","","","","81","Wooden model, black, of the Red River ox cart, presented to the donor by the Rotary Club of Winnipeg, Canada","Model of Red River (Canada) ox cart. Presented to the donor by the Rotary Club of Winnipeg, Canada.  E. Edwards note, 30 October 2012: Measurements - 152mm L x 110mm W x 100mm H.  Wood, black. Condition excellent.","Overall: Height 100mm. Overall: Length 52mm. Overall: Width 110mm","","","","","","Permanent collection","Wood","Whole","15. ROAD TRANSPORT | Transport - carts, wagons, horse-drawn vehicles, heavy work trai","Ox cart / model","W.1982.3","82","9494","","","","","","","","","congruence-science-and-industry","82","congruence-science-and-industry_82","Model of Red River (Canada) ox cart. Presented to the donor by the Rotary Club of Winnipeg, Canada.  E. Edwards note, 30 October 2012: Measurements - 152mm L x 110mm W x 100mm H.  Wood, black. Condition excellent.. . . . "
"1938-04-30T23:00:00.000Z","Science and Technology : Technology","","Watt, James, 1736 - 1819 | Barclay Perkins","person | person","","","","","7650","Photostat of an original Watt drawing showing parallel motion for Barclay Perkins' engine, dated 12 May 1786","Original Watt drawing, photostat of, showing Parallel Motion for Barclay Perkins' Engine. Dated 12th May, 1786. [Acquired from Birmingham Library for purposes of identification. Found unregistered May 12, 1938]. K. Grant note, 18 November 2008: 436 mm H x 523 mm W.","Overall: Height 436mm Accurate. Overall: Width 523mm Accurate","","","","","","Permanent collection","","","12. HEAT ENGINES, Steam","Photocopy / drawing","T.1938.108","7651","215271","","","","","|  |  |  |  |  |  |  |  |  |  |  |  |  |  |  |  |  |  |  |  |  |  |  |  |","T.2007.292.1 | T.2007.292.2 | T.2007.292.3 | T.2007.292.4 | T.2007.292.5 | T.2007.292.6 | T.2007.292.7 | T.2007.292.8 | T.2007.292.9 | T.2007.292.10 | T.2007.292.11 | T.2007.292.12 | T.2007.292.13 | T.2007.292.14 | T.2007.292.15 | T.2007.292.16 | T.2007.292.17 | T.2007.292.18 | T.2007.292.19 | T.2007.292.20 | T.2007.292.21 | T.2007.292.22 | T.2007.292.23 | T.2007.292.24 | T.2007.292.25 | T.2007.292.26","","","congruence-science-and-industry","695","congruence-science-and-industry_695","Original Watt drawing, photostat of, showing Parallel Motion for Barclay Perkins' Engine. Dated 12th May, 1786. [Acquired from Birmingham Library for purposes of identification. Found unregistered May 12, 1938]. K. Grant note, 18 November 2008: 436 mm H x 523 mm W.. . . . "
"1986-11-20T00:00:00.000Z","Science and Technology : Technology","","","","","","","","82","Cart owner's name plate, inscribed 'Thomas Frame, Parkhead, West Calder'","Cart Owner's name plate, inscribed 'Thomas Frame, Parkhead, West Calder'.","","","","Thomas Frame, Parkhead, West Calder","","","Permanent collection","","","15. ROAD TRANSPORT | Transport - carts, wagons, horse-drawn vehicles, heavy work trai","Name-plate","W.1986.89","83","9524","","","","","","","","","congruence-science-and-industry","83","congruence-science-and-industry_83","Cart Owner's name plate, inscribed 'Thomas Frame, Parkhead, West Calder'.. . . Thomas Frame, Parkhead, West Calder. "
"1986-11-06T00:00:00.000Z","Science and Technology : Technology","","","","","","","","83","Cart","Cart.","Overall: Height 3100mm. Overall: Length 4100mm. Overall: Width 1300mm","","","","","","Permanent collection","","","15. ROAD TRANSPORT | Transport - carts, wagons, horse-drawn vehicles, heavy work trai","Cart","W.1986.141","84","9580","","","","","","","","","congruence-science-and-industry","84","congruence-science-and-industry_84","Cart.. . . . "
"1986-11-06T00:00:00.000Z","Science and Technology : Technology","","","","","","","","85","Passenger pony trap of varnished wood with two wheels","Cart (sprung). From W# record: Passenger pony trap of varnished wood with two wheels.","Overall: Height 1400mm. Overall: Length 3500mm. Overall: Width 1500mm","","","","","","Permanent collection","","","15. ROAD TRANSPORT | Transport - carts, wagons, horse-drawn vehicles, heavy work trai","Trap, pony","W.1986.143","86","9582","","","","","","","PF1047791 | PF1047792 | PF1047793 | PF1047794 | PF1047795 | PF1047796 | PF1047797 | PF1047798","","congruence-science-and-industry","86","congruence-science-and-industry_86","Cart (sprung). From W# record: Passenger pony trap of varnished wood with two wheels.. . . . "
"1986-11-06T00:00:00.000Z","Science and Technology : Technology","","","","","","","","86","Peat barrow","Peat Barrow.","","","","","","","Permanent collection","","","15. ROAD TRANSPORT | Transport - sleds","Barrow","W.1986.150","87","9588","","","","","","","","","congruence-science-and-industry","87","congruence-science-and-industry_87","Peat Barrow.. . . . "
"1986-12-10T00:00:00.000Z","Science and Technology : Technology","","","","","","Ferguson","","87","Ferguson tractor","Ferguson Tractor. Dimensions: 2900 mm L x 1800 mm W x 1870 mm H.","Overall: Height 1870mm. Overall: Length 2900mm. Overall: Width 1800mm","","","","","","Permanent collection","","","15. ROAD TRANSPORT | Transport - tractors","Tractor","W.1986.159","88","9598","","","","","","","","","congruence-science-and-industry","88","congruence-science-and-industry_88","Ferguson Tractor. Dimensions: 2900 mm L x 1800 mm W x 1870 mm H.. . . . "
"1986-12-10T00:00:00.000Z","Science and Technology : Technology","","","","","","Ferguson","Manufacturer","88","Ferguson tractor TED20,  petrol paraffin power with hydraulic front lift, registration number SY8 626, 1951","Ferguson Tractor with hydraulic front lift. Registration number SY8 626. Dimensions: 4100 mm L x 1700 mm W x 3150 mm H.  E. Edwards note, 18 March 2011: Tractor TED20 petrol paraffin powered. 1951.","Overall: Height 3150mm. Overall: Length 4100mm. Overall: Width 1700mm","","","| TED20","|","Number plate |","Permanent collection","","","15. ROAD TRANSPORT | Transport - tractors","Tractor","W.1986.160","89","9599","1951","1951","1951","","","","PF1041100 | PF1041101","","congruence-science-and-industry","89","congruence-science-and-industry_89","Ferguson Tractor with hydraulic front lift. Registration number SY8 626. Dimensions: 4100 mm L x 1700 mm W x 3150 mm H.  E. Edwards note, 18 March 2011: Tractor TED20 petrol paraffin powered. 1951.. . . | TED20. "
"1986-12-10T00:00:00.000Z","Science and Technology : Technology","","","","","","","","89","Tractor lift platform, Ferguson","Tractor lift platform.","","","PE.YT.175, described as a Ferguson tractor attachment, now resolved and identified as W.1986.161","","","","Permanent collection","","","15. ROAD TRANSPORT | Transport - tractors","Tractor lift platform","W.1986.161","90","9600","","","","","","","","","congruence-science-and-industry","90","congruence-science-and-industry_90","Tractor lift platform.. . PE.YT.175, described as a Ferguson tractor attachment, now resolved and identified as W.1986.161. . "
"1968-12-31T23:00:00.000Z","Science and Technology : Technology","","Williamson Brothers","person","Northumberland, England, Northern Europe | Pathhead, Hawick, Roxburghshire, Scotland, Northern Europe","|","","","98","Light-made long cart used in Northumberland and later at Pathhead until about 1951","Light-made long cart; shallow rectangular box frame with strutsrising to a wooden rim on all sides; front end lightly arched; secondary frame fixed outwards from the front and either side; wooden carved hubs and plain wood shafts; upper part is painted powder blue, the lower part, underside and wheels, red; used by Williamson bros at Northumberland and later at Pathhead until 1951","","","","","","","Permanent collection","Wood","Whole","15. ROAD TRANSPORT | Transport - carts, wagons, horse-drawn vehicles, heavy work trai","Cart","W.1969.179","99","10128","","","","","","","PF1047774 | PF1047775 | PF1047776 | PF1047777 | PF1047778 | PF1047779 | PF1047780 | PF1047781 | PF1047782","","congruence-science-and-industry","100","congruence-science-and-industry_100","Light-made long cart; shallow rectangular box frame with strutsrising to a wooden rim on all sides; front end lightly arched; secondary frame fixed outwards from the front and either side; wooden carved hubs and plain wood shafts; upper part is painted powder blue, the lower part, underside and wheels, red; used by Williamson bros at Northumberland and later at Pathhead until 1951. . . . "
"1986-12-10T00:00:00.000Z","Science and Technology : Technology","","","","","","","","90","Small, pneumatic wheeled, cart in very poor condition","Small pneumatic wheeled cart. Very poor condition.","","","","","","","Permanent collection","","","15. ROAD TRANSPORT | Transport - carts, wagons, horse-drawn vehicles, heavy work trai","Cart","W.1986.178","91","9616","","","","","","","","","congruence-science-and-industry","91","congruence-science-and-industry_91","Small pneumatic wheeled cart. Very poor condition.. . . . "
"1986-12-10T00:00:00.000Z","Science and Technology : Technology","","","","","","","","91","Small tractor drawn tip cart with no wheels, in extremely poor condition","Small tip cart, no wheels. Extremely poor condition. (tractor drawn). Possibly to be scrapped.","","","","","","","Permanent collection","","","15. ROAD TRANSPORT | Transport - carts, wagons, horse-drawn vehicles, heavy work trai","Cart","W.1986.179","92","9617","","","","","","","","","congruence-science-and-industry","92","congruence-science-and-industry_92","Small tip cart, no wheels. Extremely poor condition. (tractor drawn). Possibly to be scrapped.. . . . "
"1976-01-01T00:00:00.000Z","Science and Technology : Technology","","","","Gullane, East Lothian, Scotland, Northern Europe | Aberlady, East Lothian, Scotland, Northern Europe","|","","","92","Iron jack, made about 1890 for the Gullane beer lorry","Iron. Incomplete. Jack, made about 1890, for a beer lorry; the sole plate had two bolt holes for attaching it to a wooden sole which is missing, and the upright has seven holes for different setings for the fulcrum of the long lifting handle; the jack wasmade for the Gullane beer lorry which carried beer from Aberlady when the railway had been built.","","","","","","","Permanent collection","Iron","Whole","15. TRANSPORT, Motor | Transport - carts, wagons, horse-drawn vehicles, heavy work trai","Jack","W.1976.54","93","9740","1890","1890","c. 1890","","","","","","congruence-science-and-industry","93","congruence-science-and-industry_93","Iron. Incomplete. Jack, made about 1890, for a beer lorry; the sole plate had two bolt holes for attaching it to a wooden sole which is missing, and the upright has seven holes for different setings for the fulcrum of the long lifting handle; the jack wasmade for the Gullane beer lorry which carried beer from Aberlady when the railway had been built.. . . . "
"1976-01-01T00:00:00.000Z","Science and Technology : Technology","","","","Westbank Farm, East Lothian, Scotland, Northern Europe","","","","93","Sheaf barrow with cast iron wheel, used to bring sheaves to the threshing mill in barn at Westbank Farm","Sheaf barrow with cast iron wheel; used to bring sheaves to the threshing mill in the barn at Westbank Farm.","Overall: Height 770mm. Overall: Width 680mm","","W.2012.94, described as a Sheaf barrow found unregistered at Port Edgar in 2012, was so registered in error and has been identified as W.1976.55. | Copied from W.2012.94 record: Previously marked W.1977.55 but this was incorrect.","","","","Permanent collection","","","15. ROAD TRANSPORT | Transport - carts, wagons, horse-drawn vehicles, heavy work trai","Barrow, sheaf","W.1976.55","94","9741","","","","","","","","","congruence-science-and-industry","94","congruence-science-and-industry_94","Sheaf barrow with cast iron wheel; used to bring sheaves to the threshing mill in the barn at Westbank Farm.. . W.2012.94, described as a Sheaf barrow found unregistered at Port Edgar in 2012, was so registered in error and has been identified as W.1976.55. | Copied from W.2012.94 record: Previously marked W.1977.55 but this was incorrect.. . "
"1976-01-01T00:00:00.000Z","Science and Technology : Technology","","","","","","","","94","Red and green coup cart","Coup cart; shafts and bodywork painted green, and the wheels and frame painted red.","","","","","","","Permanent collection","","","15. ROAD TRANSPORT | Transport - carts, wagons, horse-drawn vehicles, heavy work trai","Cart, coup","W.1976.56","95","9742","","","","","","","","","congruence-science-and-industry","95","congruence-science-and-industry_95","Coup cart; shafts and bodywork painted green, and the wheels and frame painted red.. . . . "
"1973-01-01T00:00:00.000Z","Science and Technology : Technology","","","","Cromarty Mains, Ross and Cromarty, Scotland, Northern Europe | Udale, Conon Bridge, Ross and Cromarty, Scotland, Northern Europe","|","Messrs Farrar |","Manufacturer of boiler |","101","Vertical boiler, known as a cross-tube boiler, used to drive a threshing mill and other farm machinery, with horizontal single cylinder stationery engine, with later governor, possibly Scottish, engine made in Portland, Connecticut, USA, c. 1850, boiler by Farrar, Newark, England, c. 1945 - 1950","ASBESTOS HAZARD, identified in 2009 Asbestos register. Stationary horizontal steam engine, used to drive a threshing mill and other farm machiner; single piston machine with flywheeland crankshaft; the boiler was used with the engine from 1958-1973; also an ordinary galvanised storage tank, chimney, various pipes to fit onto the boiler and sacks of material which is mixed with water to make a paste to insulate the boiler. Engine manufactured 1850, boiler manufactured in 1945.  E. Edwards note, 2012-01-12: (information from Alex Hayward) Vertical boiler, known as a cross-tube boiler.  The fire would be at the bottom of the boiler & the door through which it would be fed is clearly visible.  This is a basic steam boiler.  The internal tubes would be full of water in order to create the steam.  Date c. 1945-50 (the date was determined by the welded seam on the fire box).  This style of boiler was simple to make & therefore relatively cheap.  It only has a small footprint & is not too tall, so it was considered to be compact. They weren’t very economical, although the cross-tubes were intended to make it so. They would have been used in a variety of premises such as diaries, small factories & for driving steam cranes.  The maker’s name (Farrar of Newark) is marked on the safety valve.  The larger hole on the side of the boiler is known as a man-hole, this was to allow someone to either get their head through or if necessary for someone to climb inside (often an apprentice). The smaller holes were known as ‘mud-holes’, they allowed access to clean out the ‘mud’ from inside.  Each of these holes has a door, which have been located on a pallet near the boiler in building 11.  Each door was sealed with asbestos, though steam did leak through & cause rust around the joint.  The engine belonging to this boiler is c. 1850, it’s known as a horizontal single cylinder stationery engine.  It’s quite small apx. 10-12 brake horse power (BHP).  The governor states’ The Pickering, Portland, Conn. USA’.  AH said these were patented in 1862.  AH states the governor is a later addition to the engine. This is a British design, possibly Scottish.  AH & I discussed the possibility of this being put back into use, which I said I’d be happy for this to happen. However, the object should be kept in the collection.","","","","Monkey Dung (on sacks of material)","","","Permanent collection","","","12. HEAT ENGINES, Steam | 14. INDUSTRIES, Agriculture","Boiler | Steam engine","W.1973.16","102","10152","1950","1940","c. 1945 - 1950","Newark-on-Trent, Nottinghamshire, England, Northern Europe | Portland, Connecticut, USA, North America","","","","","congruence-science-and-industry","104","congruence-science-and-industry_104","ASBESTOS HAZARD, identified in 2009 Asbestos register. Stationary horizontal steam engine, used to drive a threshing mill and other farm machiner; single piston machine with flywheeland crankshaft; the boiler was used with the engine from 1958-1973; also an ordinary galvanised storage tank, chimney, various pipes to fit onto the boiler and sacks of material which is mixed with water to make a paste to insulate the boiler. Engine manufactured 1850, boiler manufactured in 1945.  E. Edwards note, 2012-01-12: (information from Alex Hayward) Vertical boiler, known as a cross-tube boiler.  The fire would be at the bottom of the boiler & the door through which it would be fed is clearly visible.  This is a basic steam boiler.  The internal tubes would be full of water in order to create the steam.  Date c. 1945-50 (the date was determined by the welded seam on the fire box).  This style of boiler was simple to make & therefore relatively cheap.  It only has a small footprint & is not too tall, so it was considered to be compact. They weren’t very economical, although the cross-tubes were intended to make it so. They would have been used in a variety of premises such as diaries, small factories & for driving steam cranes.  The maker’s name (Farrar of Newark) is marked on the safety valve.  The larger hole on the side of the boiler is known as a man-hole, this was to allow someone to either get their head through or if necessary for someone to climb inside (often an apprentice). The smaller holes were known as ‘mud-holes’, they allowed access to clean out the ‘mud’ from inside.  Each of these holes has a door, which have been located on a pallet near the boiler in building 11.  Each door was sealed with asbestos, though steam did leak through & cause rust around the joint.  The engine belonging to this boiler is c. 1850, it’s known as a horizontal single cylinder stationery engine.  It’s quite small apx. 10-12 brake horse power (BHP).  The governor states’ The Pickering, Portland, Conn. USA’.  AH said these were patented in 1862.  AH states the governor is a later addition to the engine. This is a British design, possibly Scottish.  AH & I discussed the possibility of this being put back into use, which I said I’d be happy for this to happen. However, the object should be kept in the collection.. . . Monkey Dung (on sacks of material). "
"1978-01-01T00:00:00.000Z","Science and Technology : Technology","","John Robertson","person","Drumnagair, Kincardineshire, Scotland, Northern Europe","","","","95","Cast oval cart name-plate with a raised edge and fixing holes, from Drumnagair","Cast oval cart name-plate, with a raised edge; pierced for fixing at each end and top and bottom. From W# record: Cart plate for J. Robertson, of Drumnagah.","","","","JOHN ROBERTSON / NO.2 / DRUMNAGAIR","","","Permanent collection","","","15. ROAD TRANSPORT | Transport - carts, wagons, horse-drawn vehicles, heavy work trai","Name-plate","W.1978.42","96","9947","","","","","","","","","congruence-science-and-industry","96","congruence-science-and-industry_96","Cast oval cart name-plate, with a raised edge; pierced for fixing at each end and top and bottom. From W# record: Cart plate for J. Robertson, of Drumnagah.. . . JOHN ROBERTSON / NO.2 / DRUMNAGAIR. "
"","Science and Technology : Technology","","","","","","","","131","Last,  possibly for bicycle seats","Last possibly for bicycle seats.","","","","","","","Permanent collection","","","15. ROAD TRANSPORT","Last, bicycle seat","W.W#.0399","132","11003","","","","","","","","","congruence-science-and-industry","97","congruence-science-and-industry_97","Last possibly for bicycle seats.. . . . "
"1978-01-01T00:00:00.000Z","Science and Technology : Technology","","","","Bellfield Farm, Lilliesleaf, Roxburghshire, Scotland, Northern Europe","","","","96","Double-ended key for removing hub caps from gig wheels, from Bellfield Farm, Lilliesleaf","Key for removing hub caps from wheels of gigs, double ended fortwo sizes of caps, one octagonal for 2.25in, one hexagonal for 1.25in.","","","","","","","Permanent collection","","","15. ROAD TRANSPORT | Transport - four-wheeled vehicles for pleasure or light work","Key, double ended","W.1978.43","97","9948","","","","","","","","","congruence-science-and-industry","98","congruence-science-and-industry_98","Key for removing hub caps from wheels of gigs, double ended fortwo sizes of caps, one octagonal for 2.25in, one hexagonal for 1.25in.. . . . "
"1978-01-01T00:00:00.000Z","Science and Technology : Technology","","","","Bellfield Farm, Lilliesleaf, Roxburghshire, Scotland, Northern Europe","","","","97","Key for removing hub caps from gig wheels, from Bellfield Farm, Lilliesleaf","Key for removing hub caps from wheels of gigs; single ended foroctagonal cap size 2.25in.","","","","","","","Permanent collection","","","15. ROAD TRANSPORT | Transport - four-wheeled vehicles for pleasure or light work","Key","W.1978.44","98","9949","","","","","","","","","congruence-science-and-industry","99","congruence-science-and-industry_99","Key for removing hub caps from wheels of gigs; single ended foroctagonal cap size 2.25in.. . . . "
"1993-01-01T00:00:00.000Z","Science and Technology : Technology","","United States Army","regiment/service","","","","","18222","AH-64 Apache flight suit patch, woven with winged arrow. Separate tab for overhead, ""AIRBORNE"", 1993","AH-64 Apache flight suit patches, 1993. (1) Colour shield, fully woven, with flying tiger insignia and ""229th ATK-HEL-REGT / FLYING TIGERS"". (2) Colour shield, fully woven, with Apache insignia and ""AH-64-A / APACHE"". (3) Colour shield fully woven, with Apache helicopter and ""DELTA 1-14th AVN / INSTRUCTOR"". (4) Colour patch, fully-woven, with winged arrow. Separate tab for overhead, ""AIRBORNE"". (5) Colour shield, fully woven with apache insignia and ""AH-64 / APACHE"". (6) Colour rectangle, fully woven, with Apache helicopter and ""AH-64 / APACHE"". (7) Colour patch, fully woven, with snake and ""25 mm BUSHMASTER"" AH-64 fixed armament.","","","","AIRBORNE","","","Permanent collection","","","1. AERONAUTICS, Miscellaneous","Patch","EF.1993.144.4","18223","624208","1993","1993","1993","","","","","","congruence-science-and-industry","129","congruence-science-and-industry_129","AH-64 Apache flight suit patches, 1993. (1) Colour shield, fully woven, with flying tiger insignia and ""229th ATK-HEL-REGT / FLYING TIGERS"". (2) Colour shield, fully woven, with Apache insignia and ""AH-64-A / APACHE"". (3) Colour shield fully woven, with Apache helicopter and ""DELTA 1-14th AVN / INSTRUCTOR"". (4) Colour patch, fully-woven, with winged arrow. Separate tab for overhead, ""AIRBORNE"". (5) Colour shield, fully woven with apache insignia and ""AH-64 / APACHE"". (6) Colour rectangle, fully woven, with Apache helicopter and ""AH-64 / APACHE"". (7) Colour patch, fully woven, with snake and ""25 mm BUSHMASTER"" AH-64 fixed armament.. . . AIRBORNE. "
"1973-01-01T00:00:00.000Z","Science and Technology : Technology","","","","","","John Deere Ltd","","99","Model of a John Deer 'Sound-Idea' 4230 Tractor in a cardboard display box","Model of a John Deere 'Sound-Idea' 4230 Tractor in a cardboard display box; the model is cast to blueprint scale, green painted with yellow wheels, and mounted with a safety cab.","","","","","","","Permanent collection","","","15. ROAD TRANSPORT | Transport - tractors","Tractor / model","W.1973.14","100","10150","","","","Langar, Nottinghamshire, England, Northern Europe","","","","","congruence-science-and-industry","101","congruence-science-and-industry_101","Model of a John Deere 'Sound-Idea' 4230 Tractor in a cardboard display box; the model is cast to blueprint scale, green painted with yellow wheels, and mounted with a safety cab.. . . . "
"","Science and Technology : Technology","","","","","","","","142","Small hand threshing machine","Small hand threshing machine.","","","","","","","Permanent collection","","","14. INDUSTRIES, Agriculture","Threshing machine","W.W#.3559","143","14131","","","","","","","","","congruence-science-and-industry","102","congruence-science-and-industry_102","Small hand threshing machine.. . . . "
"1973-01-01T00:00:00.000Z","Science and Technology : Technology","","","","","","John Deere Ltd","","100","Set of seven small scale models of John Deere tractors boxed together in a cardboard box","Set of seven small scale models of John Deere tractors, green painted with yellow wheels, illustrating the development of John Deere tractors from the 1892 'Froelich' to the 1960 John Deer 4010 Row-crop tractor; the set is boxed together in a cardboard box. J. Macrae note, 2012-02-17: These items were mistakenly re-registered as W.2011.140 but have reverted to their original number.","","","Collections Reunited (aim to split) - 2012-03-19: Parts separately labelled W.1973.15.1-8 (from location history).","","","","Permanent collection","","","15. ROAD TRANSPORT | Transport - tractors","Tractor / model","W.1973.15","101","10151","","","","Langar, Nottinghamshire, England, Northern Europe","","","","","congruence-science-and-industry","103","congruence-science-and-industry_103","Set of seven small scale models of John Deere tractors, green painted with yellow wheels, illustrating the development of John Deere tractors from the 1892 'Froelich' to the 1960 John Deer 4010 Row-crop tractor; the set is boxed together in a cardboard box. J. Macrae note, 2012-02-17: These items were mistakenly re-registered as W.2011.140 but have reverted to their original number.. . Collections Reunited (aim to split) - 2012-03-19: Parts separately labelled W.1973.15.1-8 (from location history).. . "
"1973-01-01T00:00:00.000Z","Science and Technology : Technology","","J. Rank","person","Glasgow Docks, Glasgow, Lanarkshire, Scotland, Northern Europe","","","","102","Four-wheeled horse cart comprising a flat platform set over two heavy wooden axles and four sprung wooden wheels, rimmed with iron, used to take flour between Glasgow Docks and J. Rank's Mills","Four-wheeled horse-lorry comprising a flat platform set over two heavy wooden axles and four sprung wooden wheels, rimmed with iron; the front pair of wheels revolve and the shafts are removable; iron brakes are applied to two wheels by hand operation; mainly red coloured, with yellow lettering picked out in green. Lorry used to take flour between Glasgow Docks and J. Rank's Mills.  E. Edwards note, 4 August 2012: [1973.17.1] Cart. [1973.17.2] Shafts. [1973.17.3] Metal bar.","Overall: Height 1120mm. Overall: Length 3700mm. Overall: Width 1780mm","","","3A GLASGOW A & J McLELLAN LTD CONTRACTORS 18 STANELY STREET","","","Permanent collection","Wood | Iron","Whole | Wheel rims","15. ROAD TRANSPORT | Transport - carts, wagons, horse-drawn vehicles, heavy work trai","Cart","W.1973.17.1","103","10153","","","","","","","","","congruence-science-and-industry","105","congruence-science-and-industry_105","Four-wheeled horse-lorry comprising a flat platform set over two heavy wooden axles and four sprung wooden wheels, rimmed with iron; the front pair of wheels revolve and the shafts are removable; iron brakes are applied to two wheels by hand operation; mainly red coloured, with yellow lettering picked out in green. Lorry used to take flour between Glasgow Docks and J. Rank's Mills.  E. Edwards note, 4 August 2012: [1973.17.1] Cart. [1973.17.2] Shafts. [1973.17.3] Metal bar.. . . 3A GLASGOW A & J McLELLAN LTD CONTRACTORS 18 STANELY STREET. "
"2018-06-05T23:00:00.000Z","Science and Technology : Technology","","","","","","Scottish Aviation Ltd","Maker","35887","Drawing of installation bush sight, drawing number SA-DAK-80-15 sheet 1 of 3, one of a collection of drawings relating to luxury civilian conversions of military Douglas Dakota aircraft, produced by Scottish Aviation Limited for engineering work and manufacturing purposes, dated 14 September 1962","","","","One of a collection of drawings, produced by Scottish Aviation Limited for engineering work and manufacturing purposes, and used on various projects carried out by Scottish Aviation Limited.

Most of the drawings relate to SAL work done in the late 1940s to convert ex-military Douglas C-47 Dakota aircraft for civilian use, primarily by British European Airways. There are also a large number of technical drawings of the Scottish Aviation Scamp electric car plus drawings for Grumman Mallard conversion, Beech 18 G-ASUG conversion, Lockheed Constellation & Super Constellation, Douglas Skyraider for the Swedish Air Force, and McEwan-King seat locks.","","","","Permanent collection","Paper | Plastic","Drawings | Coating","1. AERONAUTICS, documents","Engineering drawing","EF.2018.6.1323","35888","905596","1962","1962","1962","Prestwick International Airport, Ayrshire, Scotland, Northern Europe","","","","","congruence-science-and-industry","35887","congruence-science-and-industry_35887",". . One of a collection of drawings, produced by Scottish Aviation Limited for engineering work and manufacturing purposes, and used on various projects carried out by Scottish Aviation Limited.

Most of the drawings relate to SAL work done in the late 1940s to convert ex-military Douglas C-47 Dakota aircraft for civilian use, primarily by British European Airways. There are also a large number of technical drawings of the Scottish Aviation Scamp electric car plus drawings for Grumman Mallard conversion, Beech 18 G-ASUG conversion, Lockheed Constellation & Super Constellation, Douglas Skyraider for the Swedish Air Force, and McEwan-King seat locks.. . "
"1977-01-01T00:00:00.000Z","Science and Technology : Technology","","","","","","","","103","Green painted sheaf barrow with an iron wheel.","Barrow with iron whell, painted green; tailboard lifts out.","","","","","","","Permanent collection","","","15. ROAD TRANSPORT | Transport - carts, wagons, horse-drawn vehicles, heavy work trai","Barrow","W.1977.174","104","10610","","","","","","","","","congruence-science-and-industry","106","congruence-science-and-industry_106","Barrow with iron whell, painted green; tailboard lifts out.. . . . "
"1986-01-01T00:00:00.000Z","Science and Technology : Technology","","","","","","Ferguson","","104","Ferguson tractor, registration number SY 8626","Ferguson tractor, registration number SY 8626.","Overall: Length 2950mm. Overall: Width 1670mm. Overall: Height 1300mm","","","","","","Permanent collection","","","15. ROAD TRANSPORT","Tractor","W.1999.181","105","10611","","","","","","","","","congruence-science-and-industry","107","congruence-science-and-industry_107","Ferguson tractor, registration number SY 8626.. . . . "
"1980-01-01T00:00:00.000Z","Science and Technology : Technology","","","","","","David Brown","","105","Sectioned Cropmaster tractor, by David Brown","Sectioned David Brown Cropmaster tractor.","Overall: Length 3300mm. Overall: Width 1750mm. Overall: Height 1400mm","","","","","","Permanent collection","","","Working object","Tractor, sectioned","W.1999.184","106","10612","","","","","","SLA.C.7638","","","congruence-science-and-industry","108","congruence-science-and-industry_108","Sectioned David Brown Cropmaster tractor.. . . . "
"1986-01-01T00:00:00.000Z","Science and Technology : Technology","","","","","","David Brown","","106","David Brown Cropmaster tractor, registration number CSD 769","David Brown Cropmaster tractor, registration number CSD 769.","Overall: Length 3000mm. Overall: Width 1700mm. Overall: Height 1360mm","","","","","","Permanent collection","","","15. ROAD TRANSPORT","Tractor","W.1999.182","107","10613","","","","","","SLA.C.7638","","","congruence-science-and-industry","109","congruence-science-and-industry_109","David Brown Cropmaster tractor, registration number CSD 769.. . . . "
"1986-01-01T00:00:00.000Z","Science and Technology : Technology","","","","","","Fordson","","107","Fordson tractor painted blue-grey, with no vehicle registration number","Fordson tractor painted blue-grey, with no registration number.","Overall: Length 3530mm. Overall: Width 1720mm. Overall: Height 2000mm","","","","","","Permanent collection","","","15. ROAD TRANSPORT","Tractor","W.1999.178","108","10616","","","","","","","","","congruence-science-and-industry","110","congruence-science-and-industry_110","Fordson tractor painted blue-grey, with no registration number.. . . . "
"","Science and Technology : Technology","","","","","","","","126","Wooden cart with four sides, painted red and blue","Wooden cart with four sides, painted red and blue.","","","","","","","Permanent collection","Wood","Whole","15. ROAD TRANSPORT | Transport - carts, wagons, horse-drawn vehicles, heavy work trai","Cart","W.W#.0247","127","10852","","","","","","","","","congruence-science-and-industry","130","congruence-science-and-industry_130","Wooden cart with four sides, painted red and blue.. . . . "
"1973-01-01T00:00:00.000Z","Science and Technology : Technology","","","","","","International Harvester Company","","108","International Junior tractor painted grey with a red seat and red metal tyres, by International Harvester Company, U.S.A","Tractor painted grey with a red seat and red metal tyres.  WF note, 18.7.99: International Junior from Bowens of Markinch.  WF note, March 2001: Maker should be International Harvester Company, USA.","Overall: Length 3400mm. Overall: Width 1550mm. Overall: Height 1650mm","","","","","","Permanent collection","","","15. ROAD TRANSPORT","Tractor","W.1999.176","109","10617","","","","USA, North America","","","","","congruence-science-and-industry","111","congruence-science-and-industry_111","Tractor painted grey with a red seat and red metal tyres.  WF note, 18.7.99: International Junior from Bowens of Markinch.  WF note, March 2001: Maker should be International Harvester Company, USA.. . . . "
"","Science and Technology : Technology","","","","","","","","109","Small tractor with caterpillar tyres, in pieces","Small tractor with caterpillar tyres, in pieces.","","","","","","","Permanent collection","","","15. ROAD TRANSPORT","Tractor","W.W#.0011","110","10621","","","","","","","","","congruence-science-and-industry","112","congruence-science-and-industry_112","Small tractor with caterpillar tyres, in pieces.. . . . "
"1984-01-01T00:00:00.000Z","Science and Technology : Technology","","","","","","International","","110","International tractor with caterpillar tyres","International tractor with caterpillar tyres.  WF note, 18.5.99: No TDG Serial No TDBK16638T7.","Overall: Length 2800mm. Overall: Width 1700mm. Overall: Height 2000mm","","","","","","Permanent collection","","","15. ROAD TRANSPORT","Tractor","W.1999.195","111","10623","","","","","","","","","congruence-science-and-industry","113","congruence-science-and-industry_113","International tractor with caterpillar tyres.  WF note, 18.5.99: No TDG Serial No TDBK16638T7.. . . . "
"1987-01-01T00:00:00.000Z","Science and Technology : Technology","","","","","","Massey-Ferguson","","111","Massey Ferguson 35 tractor, registration number JKS 403","Massey Ferguson 35 tractor, registration number JKS 403.","","","","","","","Permanent collection","","","15. ROAD TRANSPORT","Tractor","W.1999.186","112","10628","","","","","","","","","congruence-science-and-industry","114","congruence-science-and-industry_114","Massey Ferguson 35 tractor, registration number JKS 403.. . . . "
"1977-01-01T00:00:00.000Z","Science and Technology : Technology","","","","","","","","133","Snow grip, used on vans doing country deliveries, metal and rubber","ORF: Number of Items: 1. Department Section: Scottish Modern History. National Audit Category: Transport. NMS Object Category: Scottish Country Life. Object Name: Rubber and metal snow grip. Description: Rubber and metal snow grip, used on vans doing country deliveries. Straps threaded through spokes. PHYSICAL CHARACTERISTICS Materials: Rubber and metal. Dimensions: L. 300 mm; W. 80 mm. NOTES and DOCUMENTATION Supplementary Information?: No. CONDITION Condition: Fair. Has Conservation Quarantine check been carried out? No. Completed By: Kate Mackay; Date: 28/09/09.","Overall: Length 300mm. Overall: Width 80mm","","","","","","Permanent collection","Metal | Rubber","Whole | Whole","15. ROAD TRANSPORT | Transport","Snow grip","W.2009.27","134","11332","","","","","","","","","congruence-science-and-industry","136","congruence-science-and-industry_136","ORF: Number of Items: 1. Department Section: Scottish Modern History. National Audit Category: Transport. NMS Object Category: Scottish Country Life. Object Name: Rubber and metal snow grip. Description: Rubber and metal snow grip, used on vans doing country deliveries. Straps threaded through spokes. PHYSICAL CHARACTERISTICS Materials: Rubber and metal. Dimensions: L. 300 mm; W. 80 mm. NOTES and DOCUMENTATION Supplementary Information?: No. CONDITION Condition: Fair. Has Conservation Quarantine check been carried out? No. Completed By: Kate Mackay; Date: 28/09/09.. . . . "
"2012-01-01T00:00:00.000Z","Science and Technology : Technology","","","","","","Ransomes","","112","Single blade Ransomes tractor plough","Single blade Ransomes tractor plough. [W#.4114 also on plough, double-numbering].","Overall: Height 865mm. Overall: Length 2330mm. Overall: Width 907mm","","","Ransomes T.S. 30B, Ipswich, England","","On plate","Permanent collection","","","15. ROAD TRANSPORT","Plough, tractor","W.2012.63","113","10630","","","","","","","","","congruence-science-and-industry","115","congruence-science-and-industry_115","Single blade Ransomes tractor plough. [W#.4114 also on plough, double-numbering].. . . Ransomes T.S. 30B, Ipswich, England. "
"","Science and Technology : Technology","","","","","","","","113","Double furrow tractor trailing plough from Lauriston, unpainted","Double bladed tractor plough, unpainted.  WF note, 7.4.99: Double furrow tractor trailing plough from Lauriston.","Overall: Height 1330mm. Overall: Length 3400mm. Overall: Width 1400mm","","","","","","Permanent collection","","","15. ROAD TRANSPORT","Plough, tractor","W.W#.0022","114","10632","","","","Lauriston, Kincardineshire, Scotland, Northern Europe","","","","","congruence-science-and-industry","116","congruence-science-and-industry_116","Double bladed tractor plough, unpainted.  WF note, 7.4.99: Double furrow tractor trailing plough from Lauriston.. . . . "
"1980-01-01T00:00:00.000Z","Science and Technology : Technology","","","","","","Newlands","","114","Three-bladed Newlands tractor plough, painted red","Three-bladed Newlands tractor plough, painted red.","Overall: Length 3400mm. Overall: Width 1300mm. Overall: Height 1800mm","","","","","","Permanent collection","","","15. ROAD TRANSPORT","Plough, tractor","W.1999.192","115","10633","","","","","","","","","congruence-science-and-industry","117","congruence-science-and-industry_117","Three-bladed Newlands tractor plough, painted red.. . . . "
"1986-01-01T00:00:00.000Z","Science and Technology : Technology","","","","","","","","115","Tractor plough with three blades, painted blue","Tractor plough with three blades, painted blue.","Overall: Height 1530mm. Overall: Length 3400mm. Overall: Width 1860mm","","","","","","Permanent collection","","","15. ROAD TRANSPORT","Plough, tractor","W.1999.193","116","10634","","","","","","","","","congruence-science-and-industry","118","congruence-science-and-industry_118","Tractor plough with three blades, painted blue.. . . . "
"","Science and Technology : Technology","","","","","","","","139","Model plough in copper","Model plough in copper.","Overall: 100mm. Overall: 40mm. Overall: 35mm","","","","","","Permanent collection","Copper","Whole","14. INDUSTRIES, Agriculture","Model, plough","W.2007.909","140","12488","","","","","","","","","congruence-science-and-industry","142","congruence-science-and-industry_142","Model plough in copper.. . . . "
"1984-01-01T00:00:00.000Z","Science and Technology : Technology","","","","","","Allan Bros","","116","Threshing machine made by Allan Bros. of Aberdeen","Threshing machine made by Allan Bros. of Aberdeen.","Overall: Height 3500mm. Overall: Length 7800mm. Overall: Width 2800mm","","","","","","Permanent collection","","","14. INDUSTRIES, Agriculture","Threshing machine","W.1999.191","117","10642","","","","Aberdeen, Aberdeenshire, Scotland, Northern Europe","","","","","congruence-science-and-industry","119","congruence-science-and-industry_119","Threshing machine made by Allan Bros. of Aberdeen.. . . . "
"1960-01-01T00:00:00.000Z","Science and Technology : Technology","","","","Mumrills Farm, Mumrills, Falkirk, Stirlingshire, Scotland, Northern Europe","","Albion | Marshall, Mr.","|","117","Threshing machine made by Marshall of Gainsborough, Lincolnshire, with an Albion buncher on the back","Threshing machine made by Albion.  WF note, 16.02.2000: The machine was made by Marshall of Gainsborough, Lincolnshire. There is an Albion buncher on the back.","Overall: Height 3400mm. Overall: Length 6500mm. Overall: Width 2700mm","","","","","","Permanent collection","","","14. INDUSTRIES, Agriculture","Threshing machine / buncher","W.1999.202","118","10643","","","","Gainsborough, Lincolnshire, England, Northern Europe | Gainsborough, Lincolnshire, England, Northern Europe","","","","","congruence-science-and-industry","120","congruence-science-and-industry_120","Threshing machine made by Albion.  WF note, 16.02.2000: The machine was made by Marshall of Gainsborough, Lincolnshire. There is an Albion buncher on the back.. . . . "
"1985-01-01T00:00:00.000Z","Science and Technology : Technology","","","","","","","","118","Road man's green painted van","Green-painted horse drawn living van.  WF note, 30.7.99: Road man's van, engine pulled.","","","","","","","Permanent collection","","","15. ROAD TRANSPORT","Van, road man's","W.1999.201","119","10644","","","","","","","","","congruence-science-and-industry","121","congruence-science-and-industry_121","Green-painted horse drawn living van.  WF note, 30.7.99: Road man's van, engine pulled.. . . . "
"1979-01-01T00:00:00.000Z","Science and Technology : Technology","","","","","","British Anzani Engineering Co. Ltd","","119","British Anzani Iron Horse light tractor","British Anzani Iron Horse light tractor, dismantled.  2600 mm L x 1300 mm W x 1700 mm H.   NOTE, D. Dornan, 17 August 2011: British Anzani Iron Horse. This is painted the wrong colour, they were orange when new. This machine was very good in use and proved popular. There was also a smaller machine from the same company.  E. Edwards note, 2 May 2012: W.1999.207 now broken down into [W.1999.207.2] Spring tine harrow; [W.1999.207.3] harrow; [W.1999.207.4] harrow; [W.1999.207.5] plough for Anzani tractor.","Overall: Height 1700mm. Overall: Length 2600mm. Overall: Width 1300mm","","","","","","Permanent collection","","","15. ROAD TRANSPORT","Tractor, light","W.1999.207.1","120","10648","","","","Middlesex, England, Northern Europe","","","","British Anzani Iron Horse","congruence-science-and-industry","122","congruence-science-and-industry_122","British Anzani Iron Horse light tractor, dismantled.  2600 mm L x 1300 mm W x 1700 mm H.   NOTE, D. Dornan, 17 August 2011: British Anzani Iron Horse. This is painted the wrong colour, they were orange when new. This machine was very good in use and proved popular. There was also a smaller machine from the same company.  E. Edwards note, 2 May 2012: W.1999.207 now broken down into [W.1999.207.2] Spring tine harrow; [W.1999.207.3] harrow; [W.1999.207.4] harrow; [W.1999.207.5] plough for Anzani tractor.. . . . British Anzani Iron Horse"
"","Science and Technology : Technology","","","","","","J. Bisset and Son","","120","Harvester or binder made by J.Bisset and Son","Harvester or binder made by J.Bisset and Son.","","","","","","","Permanent collection","","","15. ROAD TRANSPORT","Harvester / binder","W.W#.0050","121","10660","","","","","","","","","congruence-science-and-industry","123","congruence-science-and-industry_123","Harvester or binder made by J.Bisset and Son.. . . . "
"2006-07-05T23:00:00.000Z","Science and Technology : Technology","","","","","","Wood, H.J., 1900 (fl.)","Modelmaker","121","Model of a beam engine on wooden base, by H.J. Wood, London, c. 1900","Model of a beam engine. REGISTER: Model beam engine made by H.J. Wood, London. Constrained wooden base. ORF: Other / Previous Numbers: W.W#.0094. Department Section: Scottish Modern History. National Audit Category: Society. Object Name: Model Beam Engine. Description: Model beam engine on wooden base. PRODUCTION AND DATING Maker Name 1: H.J. Wood; Role: Manufacturer. Place: 355 Oxford St. London. Date(s) of Production: c.1900. PHYSICAL CHARACTERISTICS Materials: Metal, Wood, string, plastic. Dimensions: H. 226 mm; L. 260 mm; W. 120 mm. INSCRIPTIONS / MARKS Inscription Position 1: Plaque on front of model base; Content: H.J. Wood / maker/ 155 Oxford St / London. NOTES and DOCUMENTATION Supplementary Information?: No. Additional Comments: Found at Port Edgar unregistered. CONDITION Condition: Very good. Has Conservation Quarantine check been carried out? Yes. Completed By: EME; Date: 6.7.06.","Overall: Height 226mm. Overall: Length 260mm. Overall: Width 120mm","","","H.J. Wood / maker / 155 Oxford St / London","","Plaque on front of base","Permanent collection","Metal | Wood | String | Plastic","Whole | Whole | Whole | Whole","14. INDUSTRIES, Agriculture | 12. HEAT ENGINES, Steam","Model, beam engine","W.2006.16","122","10704","1910","1890","c. 1900","London, England, Northern Europe","","","","","congruence-science-and-industry","124","congruence-science-and-industry_124","Model of a beam engine. REGISTER: Model beam engine made by H.J. Wood, London. Constrained wooden base. ORF: Other / Previous Numbers: W.W#.0094. Department Section: Scottish Modern History. National Audit Category: Society. Object Name: Model Beam Engine. Description: Model beam engine on wooden base. PRODUCTION AND DATING Maker Name 1: H.J. Wood; Role: Manufacturer. Place: 355 Oxford St. London. Date(s) of Production: c.1900. PHYSICAL CHARACTERISTICS Materials: Metal, Wood, string, plastic. Dimensions: H. 226 mm; L. 260 mm; W. 120 mm. INSCRIPTIONS / MARKS Inscription Position 1: Plaque on front of model base; Content: H.J. Wood / maker/ 155 Oxford St / London. NOTES and DOCUMENTATION Supplementary Information?: No. Additional Comments: Found at Port Edgar unregistered. CONDITION Condition: Very good. Has Conservation Quarantine check been carried out? Yes. Completed By: EME; Date: 6.7.06.. . . H.J. Wood / maker / 155 Oxford St / London. "
"","Science and Technology : Technology","","","","","","","","122","Morticing machine possibly from Sinclair's joiner shop in Leith","Morticing machine possibly from Sinclair's joiner shop in Leith.","","","","","","","Permanent collection","","","14. INDUSTRIES, Tools","Mortcing machine","W.W#.0123","123","10731","","","","","","","","","congruence-science-and-industry","125","congruence-science-and-industry_125","Morticing machine possibly from Sinclair's joiner shop in Leith.. . . . "
"","Science and Technology : Technology","","","","","","","","123","Three sides of a livestock van","Three sides of a livestock van.","Overall: Length 1800mm. Overall: Width 1930mm","","","","","","Permanent collection","","","15. ROAD TRANSPORT","Van, livestock / parts","W.W#.0224","124","10830","","","","","","","","","congruence-science-and-industry","126","congruence-science-and-industry_126","Three sides of a livestock van.. . . . "
"","Science and Technology : Technology","","","","","","Ferguson","","124","Single furrow Ferguson tractor plough","Single furrow Ferguson tractor plough.","Overall: Height 1050mm. Overall: Length 1350mm. Overall: Width 1000mm","","","","","","Permanent collection","","","15. ROAD TRANSPORT","Plough, tractor","W.W#.0225","125","10831","","","","","","","","","congruence-science-and-industry","127","congruence-science-and-industry_127","Single furrow Ferguson tractor plough.. . . . "
"","Science and Technology : Technology","","","","Aberdeen, Aberdeenshire, Scotland, Northern Europe","","","","125","Aberdeen cart frame","Aberdeen cart frame.","","","","","","","Permanent collection","","","15. ROAD TRANSPORT | Transport - carts, wagons, horse-drawn vehicles, heavy work trai","Cart frame","W.W#.0240","126","10846","","","","","","","","","congruence-science-and-industry","128","congruence-science-and-industry_128","Aberdeen cart frame.. . . . "
"","Science and Technology : Technology","","","","","","","","127","Box cart","Box cart.  E. Edwards, 2 May 2012: Ear-marked as an object for the Handling Collection.","Overall: Length 4100mm. Overall: Width 1800mm. Overall: Height 4000mm","","","","","","Permanent collection","","","15. ROAD TRANSPORT | Transport - carts, wagons, horse-drawn vehicles, heavy work trai","Box cart","W.W#.0283","128","10888","","","","","","","","","congruence-science-and-industry","131","congruence-science-and-industry_131","Box cart.  E. Edwards, 2 May 2012: Ear-marked as an object for the Handling Collection.. . . . "
"2018-06-05T23:00:00.000Z","Science and Technology : Technology","","","","","","Scottish Aviation Ltd","Maker","35888","Drawing of installation bush sight, drawing number SA-DAK-80-15 sheet 3 of 3, one of a collection of drawings relating to luxury civilian conversions of military Douglas Dakota aircraft, produced by Scottish Aviation Limited for engineering work and manufacturing purposes, dated 14 September 1962","","","","One of a collection of drawings, produced by Scottish Aviation Limited for engineering work and manufacturing purposes, and used on various projects carried out by Scottish Aviation Limited.

Most of the drawings relate to SAL work done in the late 1940s to convert ex-military Douglas C-47 Dakota aircraft for civilian use, primarily by British European Airways. There are also a large number of technical drawings of the Scottish Aviation Scamp electric car plus drawings for Grumman Mallard conversion, Beech 18 G-ASUG conversion, Lockheed Constellation & Super Constellation, Douglas Skyraider for the Swedish Air Force, and McEwan-King seat locks.","","","","Permanent collection","Paper | Plastic","Drawings | Coating","1. AERONAUTICS, documents","Engineering drawing","EF.2018.6.1324","35889","905597","1962","1962","1962","Prestwick International Airport, Ayrshire, Scotland, Northern Europe","","","","","congruence-science-and-industry","35888","congruence-science-and-industry_35888",". . One of a collection of drawings, produced by Scottish Aviation Limited for engineering work and manufacturing purposes, and used on various projects carried out by Scottish Aviation Limited.

Most of the drawings relate to SAL work done in the late 1940s to convert ex-military Douglas C-47 Dakota aircraft for civilian use, primarily by British European Airways. There are also a large number of technical drawings of the Scottish Aviation Scamp electric car plus drawings for Grumman Mallard conversion, Beech 18 G-ASUG conversion, Lockheed Constellation & Super Constellation, Douglas Skyraider for the Swedish Air Force, and McEwan-King seat locks.. . "
"1968-12-31T23:00:00.000Z","Science and Technology : Technology","","","","Mumrills Farm, Mumrills, Falkirk, Stirlingshire, Scotland, Northern Europe","","","","128","Box cart painted red and green with iron tyres","Box cart painted red and green with iron tyres.","Overall: Length 3860mm. Overall: Width 1800mm. Overall: Height 3400mm","","","","","","Permanent collection","","","15. ROAD TRANSPORT | Transport - carts, wagons, horse-drawn vehicles, heavy work trai","Box cart","W.1999.166.3","129","10890","","","","","","","","","congruence-science-and-industry","132","congruence-science-and-industry_132","Box cart painted red and green with iron tyres.. . . . "
"","Science and Technology : Technology","","","","","","","","129","Victoria carriage painted pale green with black leather upholstery and hood","Victoria carriage painted pale green with black leather upholstery and hood.","","","","","","","Permanent collection","","","15. ROAD TRANSPORT","Carriage, Victoria","W.W#.0286","130","10891","","","","","","","","","congruence-science-and-industry","133","congruence-science-and-industry_133","Victoria carriage painted pale green with black leather upholstery and hood.. . . . "
"1968-12-31T23:00:00.000Z","Science and Technology : Technology","","","","Mumrills Farm, Mumrills, Falkirk, Stirlingshire, Scotland, Northern Europe","","","","130","Base for a hay bogie. It has two wheels (.A and .B), which are not attached, and a cog wheel (.C)","Base for a hay bogie, without wheels. J. Macrae note, 2008-06-24: Cart shafts painted red were given number W.W#.0302. [Q&A - From Mumrills. Wheels separate, also Port Edgar].","Overall: Length 3300mm. Overall: Width 3200mm","","Collections Reunited - 2017-06-23: W.W#.0303 should remain attached to W.1986.142; W.W#.0302 should be attached to W.1999.166.2 and NOT W.1999.166.7: Reiss, Ben (NMS)","","","","Permanent collection","","","15. ROAD TRANSPORT | Transport - carts, wagons, horse-drawn vehicles, heavy work trai","Base, hay bogie","W.1999.166.7","131","10896","","","","","","","","","congruence-science-and-industry","134","congruence-science-and-industry_134","Base for a hay bogie, without wheels. J. Macrae note, 2008-06-24: Cart shafts painted red were given number W.W#.0302. [Q&A - From Mumrills. Wheels separate, also Port Edgar].. . Collections Reunited - 2017-06-23: W.W#.0303 should remain attached to W.1986.142; W.W#.0302 should be attached to W.1999.166.2 and NOT W.1999.166.7: Reiss, Ben (NMS). . "
"2012-01-01T00:00:00.000Z","Science and Technology : Technology","","","","Heiton Mill, Roxburghshire, Scotland, Northern Europe","","","","132","Metal stencil for Heiton Mill","Metal stencil for Heiton Mill.","Overall: Length 1000mm. Overall: Width 104mm","","","","","","Permanent collection","Metal","Whole","15. ROAD TRANSPORT | Transport - carts, wagons, horse-drawn vehicles, heavy work trai","Stencil","W.2012.11","133","11169","","","","","","","","","congruence-science-and-industry","135","congruence-science-and-industry_135","Metal stencil for Heiton Mill.. . . . "
"1976-01-01T00:00:00.000Z","Science and Technology : Technology","","Jackson, Robert","person","","","","","134","Cart plate, for Robert Jackson, West Bank, metal, painted black with cream lettering","ORF: Other / Previous Numbers: W.W#.0773. Number of Items: 1. Department Section: Scottish Modern History. NMS Object Category: Scottish Country Life. Object Name: Cart plate. Description: Metal cart plate, with five holes for fixing. Black with cream lettering: 'ROBT. JACKSON / West Bank No.11.', and a cream border. PHYSICAL CHARACTERISTICS Materials: Metal. Dimensions: H. 90 mm; L. 255 mm; W. 1 mm. INSCRIPTIONS / MARKS Inscription Position 1: Front; Method: Paint; Content: Robt. Jackson / West Bank No.11. ASSOCIATIONS Name Associations: Robt. Jackson. NOTES and DOCUMENTATION Supplementary Information?: No. CONDITION Condition: Fair. Has Conservation Quarantine check been carried out? No. Completed By: Kate Mackay; Date: 10/09/09.","Overall: Height 90mm. Overall: Length 255mm. Overall: Depth 1mm","","","ROBT. JACKSON / West Bank No.11.","Painted","Front","Permanent collection","Metal","Whole","15. ROAD TRANSPORT | Transport","Cart plate","W.2009.18","135","11375","","","","","","","","","congruence-science-and-industry","137","congruence-science-and-industry_137","ORF: Other / Previous Numbers: W.W#.0773. Number of Items: 1. Department Section: Scottish Modern History. NMS Object Category: Scottish Country Life. Object Name: Cart plate. Description: Metal cart plate, with five holes for fixing. Black with cream lettering: 'ROBT. JACKSON / West Bank No.11.', and a cream border. PHYSICAL CHARACTERISTICS Materials: Metal. Dimensions: H. 90 mm; L. 255 mm; W. 1 mm. INSCRIPTIONS / MARKS Inscription Position 1: Front; Method: Paint; Content: Robt. Jackson / West Bank No.11. ASSOCIATIONS Name Associations: Robt. Jackson. NOTES and DOCUMENTATION Supplementary Information?: No. CONDITION Condition: Fair. Has Conservation Quarantine check been carried out? No. Completed By: Kate Mackay; Date: 10/09/09.. . . ROBT. JACKSON / West Bank No.11.. "
"1968-12-31T23:00:00.000Z","Science and Technology : Technology","","","","","","","","135","Cart plate, for T. Wilkinson, Cote Hill, metal, painted black with white lettering","ORF: Other / Previous Numbers: W.W#.1179. Number of Items: 1. Department Section: Scottish Modern History. NMS Object Category: Scottish Country Life. Object Name: Cart plate. Description: Metal cart plate. Black with white lettering: 'T.WILKINSON / Cote HILL.' PHYSICAL CHARACTERISTICS Materials: Metal. Dimensions: H. 130 mm; L. 250 mm; W. 1 mm. INSCRIPTIONS / MARKS Inscription Position 1: Front; Method: Paint; Content: 'T. Wilkinson / Cote Hill'. ASSOCIATIONS Name Associations: T. Wilkinson. Place Associations: Cote Hill. NOTES and DOCUMENTATION Supplementary Information?: No. CONDITION Condition: Poor: bent, rusty, holes broken. Has Conservation Quarantine check been carried out? No. Completed By: Kate Mackay; Date: 10/09/09.","Overall: Height 130mm. Overall: Length 250mm. Overall: Depth 1mm","","","T.WILKINSON / Cote HILL","Printed","Front","Permanent collection","Metal","Whole","15. ROAD TRANSPORT | Transport","Cart plate","W.2009.17","136","11779","","","","","","","","","congruence-science-and-industry","138","congruence-science-and-industry_138","ORF: Other / Previous Numbers: W.W#.1179. Number of Items: 1. Department Section: Scottish Modern History. NMS Object Category: Scottish Country Life. Object Name: Cart plate. Description: Metal cart plate. Black with white lettering: 'T.WILKINSON / Cote HILL.' PHYSICAL CHARACTERISTICS Materials: Metal. Dimensions: H. 130 mm; L. 250 mm; W. 1 mm. INSCRIPTIONS / MARKS Inscription Position 1: Front; Method: Paint; Content: 'T. Wilkinson / Cote Hill'. ASSOCIATIONS Name Associations: T. Wilkinson. Place Associations: Cote Hill. NOTES and DOCUMENTATION Supplementary Information?: No. CONDITION Condition: Poor: bent, rusty, holes broken. Has Conservation Quarantine check been carried out? No. Completed By: Kate Mackay; Date: 10/09/09.. . . T.WILKINSON / Cote HILL. "
"1970-12-31T23:00:00.000Z","Science and Technology : Technology","","J.D. Allan and Sons","institution","Dunkeld, Perthshire, Scotland, Northern Europe","","","","136","Cart plate, for J.D. Allan & Sons, Dunkeld, metal, back with raised lettering","Cast iron cart plate for J.D. Allan and Sons of Dunkeld.  ORF: Other / Previous Numbers: W.W#.1398. Number of Items: 1. Department Section: Scottish Modern History. NMS Object Category: Scottish Country Life. Object Name: Cart plate. Description: Metal cart plate, with hole for fixing. Black with raised lettering: 'J.D.ALLAN & SONS / DUNKELD / SCOTLAND.' PHYSICAL CHARACTERISTICS Materials: Metal. Dimensions: H. 130 mm; L. 350 mm; W. 8 mm. INSCRIPTIONS / MARKS Inscription Position 1: Front; Method: Casting?; Content: 'J.D.ALLAN & SONS / DUNKELD / SCOTLAND'. ASSOCIATIONS Name Associations: J.D. Allan & Sons. Place Associations: Dunkeld, Scotland. NOTES and DOCUMENTATION Supplementary Information?: No. CONDITION Condition: Broken in two pieces. Has Conservation Quarantine check been carried out? No. Completed By: Kate Mackay; Date: 10/09/09.","Overall: Height 130mm. Overall: Length 350mm. Overall: Width 8mm","","","J.D.ALLAN & SONS / DUNKELD / SCOTLAND","Cast","Front","Permanent collection","Metal","Whole","15. ROAD TRANSPORT | Transport","Cart plate","W.2009.16","137","11992","","","","","","","","","congruence-science-and-industry","139","congruence-science-and-industry_139","Cast iron cart plate for J.D. Allan and Sons of Dunkeld.  ORF: Other / Previous Numbers: W.W#.1398. Number of Items: 1. Department Section: Scottish Modern History. NMS Object Category: Scottish Country Life. Object Name: Cart plate. Description: Metal cart plate, with hole for fixing. Black with raised lettering: 'J.D.ALLAN & SONS / DUNKELD / SCOTLAND.' PHYSICAL CHARACTERISTICS Materials: Metal. Dimensions: H. 130 mm; L. 350 mm; W. 8 mm. INSCRIPTIONS / MARKS Inscription Position 1: Front; Method: Casting?; Content: 'J.D.ALLAN & SONS / DUNKELD / SCOTLAND'. ASSOCIATIONS Name Associations: J.D. Allan & Sons. Place Associations: Dunkeld, Scotland. NOTES and DOCUMENTATION Supplementary Information?: No. CONDITION Condition: Broken in two pieces. Has Conservation Quarantine check been carried out? No. Completed By: Kate Mackay; Date: 10/09/09.. . . J.D.ALLAN & SONS / DUNKELD / SCOTLAND. "
"","Science and Technology : Technology","","T. Ross","person","Nether Williamston, West Lothian, Scotland, Northern Europe","","","","137","Cart plate bearing the name ""T. Ross, Nether Williamston""","Cart plate bearing the name ""T. Ross, Nether Williamston"".","","","","","","","Permanent collection","","","15. ROAD TRANSPORT | Transport - carts, wagons, horse-drawn vehicles, heavy work trai","Cart plate","W.W#.1437","138","12031","","","","","","","","","congruence-science-and-industry","140","congruence-science-and-industry_140","Cart plate bearing the name ""T. Ross, Nether Williamston"".. . . . "
"","Science and Technology : Technology","","","","","","","","138","Box containing brass-working tools","Box containing brass-working tools.","","","","","","","Permanent collection","","","14. INDUSTRIES, Tools","Box / tool, brass-working","W.W#.1623","139","12216","","","","","","","","","congruence-science-and-industry","141","congruence-science-and-industry_141","Box containing brass-working tools.. . . . "
"","Science and Technology : Technology","","","","","","","","140","Peat barrow","Peat barrow.","","","","","","","Permanent collection","","","15. ROAD TRANSPORT | Transport - carts, wagons, horse-drawn vehicles, heavy work trai","Barrow, peat","W.W#.2697","141","13278","","","","","","","","","congruence-science-and-industry","143","congruence-science-and-industry_143","Peat barrow.. . . . "
"2011-05-12T23:00:00.000Z","Science and Technology : Technology","","","","","","","","141","Machine which squeezed staples together when joining threshing mill belts, used between 1938 and 1946","Machine for joining threshing mill belts up to 6 inches. Used 1938-46. It squeezed the staples together. Dimensions: Height 150mm x Length 423mm x Width 295mm.","Overall: Height 150mm. Overall: Length 423mm. Overall: Width 295mm","","","","","","Permanent collection","","","14. INDUSTRIES, Agriculture","Machine","W.2011.17","142","14104","1938","","Pre 1938","","","","","","congruence-science-and-industry","144","congruence-science-and-industry_144","Machine for joining threshing mill belts up to 6 inches. Used 1938-46. It squeezed the staples together. Dimensions: Height 150mm x Length 423mm x Width 295mm.. . . . "
"1993-01-01T00:00:00.000Z","Science and Technology : Technology","","United States Army","regiment/service","","","","","18223","AH-64 Apache flight suit patch, a woven colour shield with Apache insignia and ""AH-64 / APACHE"", 1993","AH-64 Apache flight suit patches, 1993. (1) Colour shield, fully woven, with flying tiger insignia and ""229th ATK-HEL-REGT / FLYING TIGERS"". (2) Colour shield, fully woven, with Apache insignia and ""AH-64-A / APACHE"". (3) Colour shield fully woven, with Apache helicopter and ""DELTA 1-14th AVN / INSTRUCTOR"". (4) Colour patch, fully-woven, with winged arrow. Separate tab for overhead, ""AIRBORNE"". (5) Colour shield, fully woven with Apache insignia and ""AH-64 / APACHE"". (6) Colour rectangle, fully woven, with Apache helicopter and ""AH-64 / APACHE"". (7) Colour patch, fully woven, with snake and ""25 mm BUSHMASTER"" AH-64 fixed armament.","","","","AH-64 / APACHE","","","Permanent collection","","","1. AERONAUTICS, Miscellaneous","Patch","EF.1993.144.5","18224","624209","1993","1993","1993","","","","","","congruence-science-and-industry","145","congruence-science-and-industry_145","AH-64 Apache flight suit patches, 1993. (1) Colour shield, fully woven, with flying tiger insignia and ""229th ATK-HEL-REGT / FLYING TIGERS"". (2) Colour shield, fully woven, with Apache insignia and ""AH-64-A / APACHE"". (3) Colour shield fully woven, with Apache helicopter and ""DELTA 1-14th AVN / INSTRUCTOR"". (4) Colour patch, fully-woven, with winged arrow. Separate tab for overhead, ""AIRBORNE"". (5) Colour shield, fully woven with Apache insignia and ""AH-64 / APACHE"". (6) Colour rectangle, fully woven, with Apache helicopter and ""AH-64 / APACHE"". (7) Colour patch, fully woven, with snake and ""25 mm BUSHMASTER"" AH-64 fixed armament.. . . AH-64 / APACHE. "
"1986-01-01T00:00:00.000Z","Science and Technology : Technology","","","","","","","","143","Model threshing mill","Model threshing mill.","","","","","","","Permanent collection","","","14. INDUSTRIES, Agriculture","Model / threshing mill","W.W#.3560","144","14132","","","","","","","","","congruence-science-and-industry","146","congruence-science-and-industry_146","Model threshing mill.. . . . "
"1986-01-01T00:00:00.000Z","Science and Technology : Technology","","","","","","","","144","Threshing machine painted blue","Threshing machine painted blue.","","","","","","","Permanent collection","","","14. INDUSTRIES, Agriculture","Threshing machine","W.W#.3562","145","14134","","","","","","","","","congruence-science-and-industry","147","congruence-science-and-industry_147","Threshing machine painted blue.. . . . "
"1986-01-01T00:00:00.000Z","Science and Technology : Technology","","","","","","","","145","Small pedal driven threshing machine","Small pedal driven threshing machine.","","","","","","","Permanent collection","","","14. INDUSTRIES, Agriculture","Threshing machine","W.W#.3567","146","14139","","","","","","","","","congruence-science-and-industry","148","congruence-science-and-industry_148","Small pedal driven threshing machine.. . . . "
"1986-01-01T00:00:00.000Z","Science and Technology : Technology","","","","","","","","146","Threshing machine","Threshing machine.","Overall: Length 2000mm. Overall: Width 900mm. Overall: Height 1450mm","","","","","","Permanent collection","","","14. INDUSTRIES, Agriculture","Threshing machine","W.W#.3568","147","14140","","","","","","","","","congruence-science-and-industry","149","congruence-science-and-industry_149","Threshing machine.. . . . "
"","Science and Technology : Technology","","","","","","","","147","Threshing machine","Threshing machine.","","","","","","","Permanent collection","","","14. INDUSTRIES, Agriculture","Threshing machine","W.W#.3569","148","14141","","","","","","","","","congruence-science-and-industry","150","congruence-science-and-industry_150","Threshing machine.. . . . "
"","Science and Technology : Technology","","","","Mumrills Farm, Mumrills, Falkirk, Stirlingshire, Scotland, Northern Europe","","","","148","Threshing machine","Threshing machine.","Overall: Length 2010mm. Overall: Width 900mm. Overall: Height 1500mm","","Note from location history, dated 1999, calls this fanners, not threshing machine 2010 mm L x 900 mm W x 1500 mm H","","","","Permanent collection","","","14. INDUSTRIES, Agriculture","Threshing machine","W.W#.3579","149","14151","","","","","","","","","congruence-science-and-industry","151","congruence-science-and-industry_151","Threshing machine.. . Note from location history, dated 1999, calls this fanners, not threshing machine 2010 mm L x 900 mm W x 1500 mm H. . "
"","Science and Technology : Technology","","","","","","","","149","Stationary engine","Stationary engine.","","","","","","","Permanent collection","","","14. INDUSTRIES, Agriculture | 12. HEAT ENGINES, Steam","Engine, stationary","W.W#.3594","150","14166","","","","","","","","","congruence-science-and-industry","152","congruence-science-and-industry_152","Stationary engine.. . . . "
"2012-01-01T00:00:00.000Z","Science and Technology : Technology","","","","","","Coburn","Manufacturer","150","Stationary engine made by Coburn, England","Stationary engine.","Overall: Height 670mm. Overall: Length 700mm. Overall: Width 570mm","","Collections Reunited (aim to split) - 2012-07-17: 4 parts on pallet: Johnston, Matthew (NMS).","","","","Permanent collection","","","14. INDUSTRIES, Agriculture | 12. HEAT ENGINES, Steam","Engine, stationary","W.2012.124","151","14167","","","","England, Northern Europe","","","","","congruence-science-and-industry","153","congruence-science-and-industry_153","Stationary engine.. . Collections Reunited (aim to split) - 2012-07-17: 4 parts on pallet: Johnston, Matthew (NMS).. . "
"1855-10-01T00:00:00.000Z","Science and Technology : Technology","","Dick, Maxwell, 1820 - 1870 (fl.)","person","","","","","151","Jointed submarine telegraph cable invented by Maxwell Dick","Jointed Submarine Telegraph Cable invented by the donor.","","","","","","","Permanent collection","","","7. TELECOMMUNICATIONS, Communication","Submarine telegraph cable","T.1855.3","152","172648","","","","","","","","","congruence-science-and-industry","154","congruence-science-and-industry_154","Jointed Submarine Telegraph Cable invented by the donor.. . . . "
"1855-10-01T00:00:00.000Z","Science and Technology : Technology","","","","","","","","152","Soldered contracted joint of 2 lead pipes used to convey hot water, one of a number of specimens of water pipes, etc, illustrating their destruction during common use","Specimens to illustrate the Manner in which Lead Water Pipes &c. are destroyed during their common use. 2. Soldered joining of two pipes employed to convey hot water, originally bulging at the centre but now contracted like hour glass in consequence of the separation of the pipes by expansion.","Whole: Height 30mm Accurate. Whole: Diameter 45mm Accurate. Whole: Weight 246g Accurate","","","","","","Permanent collection","","","6. NON-FERROUS METALS, Lead","Specimen / pipe, water","T.1855.5.2","153","172651","","","","","","","","","congruence-science-and-industry","155","congruence-science-and-industry_155","Specimens to illustrate the Manner in which Lead Water Pipes &c. are destroyed during their common use. 2. Soldered joining of two pipes employed to convey hot water, originally bulging at the centre but now contracted like hour glass in consequence of the separation of the pipes by expansion.. . . . "
"1855-12-04T00:00:00.000Z","Science and Technology : Technology","","","","","","","","153","Specimen of Torbanehill mineral, part of a collection of coal gas products","Coal Gas Products &c. A 1. Torbanehill Mineral.","","","","","","","Permanent collection","","","6. GAS, By-products","Specimen / product / coal gas","T.1855.11.A.1","154","172662","","","","","","","","","congruence-science-and-industry","156","congruence-science-and-industry_156","Coal Gas Products &c. A 1. Torbanehill Mineral.. . . . "
"2018-06-05T23:00:00.000Z","Science and Technology : Technology","","","","","","Scottish Aviation Ltd","Maker","36070","Drawing of wiring diagram STR9 (VHF), drawing number SA-A3-82-263, one of a collection of drawings relating to luxury civilian conversions of military Douglas Dakota aircraft, produced by Scottish Aviation Limited for engineering work and manufacturing purposes, dated 17 March 1947","","","","One of a collection of drawings, produced by Scottish Aviation Limited for engineering work and manufacturing purposes, and used on various projects carried out by Scottish Aviation Limited.

Most of the drawings relate to SAL work done in the late 1940s to convert ex-military Douglas C-47 Dakota aircraft for civilian use, primarily by British European Airways. There are also a large number of technical drawings of the Scottish Aviation Scamp electric car plus drawings for Grumman Mallard conversion, Beech 18 G-ASUG conversion, Lockheed Constellation & Super Constellation, Douglas Skyraider for the Swedish Air Force, and McEwan-King seat locks.","","","","Permanent collection","Paper | Plastic","Drawings | Coating","1. AERONAUTICS, documents","Engineering drawing","EF.2018.6.1505","36071","905924","1947","1947","1947","Prestwick International Airport, Ayrshire, Scotland, Northern Europe","","","","","congruence-science-and-industry","36070","congruence-science-and-industry_36070",". . One of a collection of drawings, produced by Scottish Aviation Limited for engineering work and manufacturing purposes, and used on various projects carried out by Scottish Aviation Limited.

Most of the drawings relate to SAL work done in the late 1940s to convert ex-military Douglas C-47 Dakota aircraft for civilian use, primarily by British European Airways. There are also a large number of technical drawings of the Scottish Aviation Scamp electric car plus drawings for Grumman Mallard conversion, Beech 18 G-ASUG conversion, Lockheed Constellation & Super Constellation, Douglas Skyraider for the Swedish Air Force, and McEwan-King seat locks.. . "
"1855-12-04T00:00:00.000Z","Science and Technology : Technology","","","","Dalkeith, Midlothian, Scotland, Northern Europe","","","","154","Specimen of Dalkeith cannel coal, part of a collection of coal gas products","Coal Gas Products &c. A 2. Dalkeith cannel coal.","","","","","","","Permanent collection","","","6. GAS, By-products","Specimen / product / coal gas","T.1855.11.A.2","155","172663","","","","","","","","","congruence-science-and-industry","157","congruence-science-and-industry_157","Coal Gas Products &c. A 2. Dalkeith cannel coal.. . . . "
"1855-12-04T00:00:00.000Z","Science and Technology : Technology","","","","","","","","155","Specimen of coal gas carbon, core of an entire retort, part of a collection of coal gas products","Coal Gas Products &c. B 1. Coal Gas carbon - Core of an entire retort.","","","","","","","Permanent collection","","","6. GAS, By-products","Specimen / product / coal gas","T.1855.11.B.1","156","172664","","","","","","","","","congruence-science-and-industry","158","congruence-science-and-industry_158","Coal Gas Products &c. B 1. Coal Gas carbon - Core of an entire retort.. . . . "
"1855-12-05T00:00:00.000Z","Science and Technology : Technology","","","","Great fire at Newcastle | Newcastle upon Tyne, Northumberland, England, Northern Europe","|","","","156","Mass of sulphur found in the River Tyne after the great fire at Newcastle on 6 October 1854, which had been projected from a warehouse beside the one where the explosion took place","Mass of Sulphur found in the River Tyne after the Great fire at Newcastle Oct. 6th 1854 which had been projected from a warehouse beside the one where the explosion took place.","","","","","","","Permanent collection","Sulphur","Whole","4. CHEMISTRY","Specimen / sulphur","T.1855.13","157","172670","","","","","","","","","congruence-science-and-industry","159","congruence-science-and-industry_159","Mass of Sulphur found in the River Tyne after the Great fire at Newcastle Oct. 6th 1854 which had been projected from a warehouse beside the one where the explosion took place.. . . . "
"1855-12-24T00:00:00.000Z","Science and Technology : Technology","","","","","","","","157","Specimen of belmont wax candles, in a glass vase","[ One of ] Twenty one Specimens in glass vases illustrative of Candle-Making. 11. Belmont Sperm material tinted with Gamboge, called ""Belmont Wax Candles"".","","","","","","","Permanent collection","","","14. INDUSTRIES","Specimen / manufacture / candle / vase, glass","T.1855.15.11","158","172684","","","","","","","","","congruence-science-and-industry","160","congruence-science-and-industry_160","[ One of ] Twenty one Specimens in glass vases illustrative of Candle-Making. 11. Belmont Sperm material tinted with Gamboge, called ""Belmont Wax Candles"".. . . . "
"1858-05-05T00:00:00.000Z","Science and Technology : Technology","","","","Freiberg, Saxony, Germany, Western Europe","","","","686","One of a group of specimens illustrating the dressing and smelting of ores, German method - smelting of lead ore and separation of silver - sample of poor pyritiferous meagre ore, added as slag former","[One of] Dressing & Smelting Lead, Silver & other Ores - German method. - Smelting of Lead Ore & Separation of Silver. - B.3. Poor pyritiferous ""meagre ore"", added as slag former. K. Grant note, 16 July 2013: loose lid.","Jar: Height 116mm. Jar: Diameter 56mm. Jar: Weight 517g","","","","","","Permanent collection","","","6. NON-FERROUS METALS, Lead","Specimen / smelting / lead ore / separation / silver / German me","T.1858.253.B.3","687","177935","","","","","","","PF1052810","","congruence-science-and-industry","708","congruence-science-and-industry_708","[One of] Dressing & Smelting Lead, Silver & other Ores - German method. - Smelting of Lead Ore & Separation of Silver. - B.3. Poor pyritiferous ""meagre ore"", added as slag former. K. Grant note, 16 July 2013: loose lid.. . . . "
"1855-12-24T00:00:00.000Z","Science and Technology : Technology","","","","","","","","158","Specimen of Albert and childs' night lights, in a glass vase","[ One of ] Twenty one Specimens in glass vases illustrative of Candle-Making. 12. Albert and Childs' Night Lights.","","","","","","","Permanent collection","","","14. INDUSTRIES","Specimen / manufacture / candle / vase, glass","T.1855.15.12","159","172685","","","","","","","","","congruence-science-and-industry","161","congruence-science-and-industry_161","[ One of ] Twenty one Specimens in glass vases illustrative of Candle-Making. 12. Albert and Childs' Night Lights.. . . . "
"1856-01-14T00:00:00.000Z","Science and Technology : Technology","","","","","","","","159","Model of an insulating gas condenser","Model of an Insulating Gas Condenser.","","","","","","","Permanent collection","","","6. GAS, Condensers","Gas condenser / model","T.1856.18","160","172701","","","","","","","","","congruence-science-and-industry","162","congruence-science-and-industry_162","Model of an Insulating Gas Condenser.. . . . "
"1856-01-21T00:00:00.000Z","Science and Technology : Technology","","","","","","","","160","One of a collection of illustrations of the manufacture of gunpowder and shot, specimen of powder - dust, separated from the granulated powder","Illustrations of the manufacture of Gunpowder and Shot, &c. A 20. Powder-dust, separated from the granulated powder.","","","","","","","Permanent collection","","","14. INDUSTRIES, Munitions","Specimen / gunpowder / shot / manufacture / powder dust","T.1856.24.A.20","161","172854","","","","","","","","","congruence-science-and-industry","163","congruence-science-and-industry_163","Illustrations of the manufacture of Gunpowder and Shot, &c. A 20. Powder-dust, separated from the granulated powder.. . . . "
"1856-02-02T00:00:00.000Z","Science and Technology : Technology","","R. Dalglish Falconer and Co. Ltd","institution","","","","","161","Illustrations of calico printing and dyeing, madder style, illustrating garancine dyeing and printing of cloth, two dies.","Illustrations of Calico Printing and Dyeing. Madder Style. A 8  7 Specimens illustrating Garancine dyeing and printing with the Dies and Mills used. [ This entry contains ] 2 Dies.  History and Applied Art Original Descriptions - [A] EUROPEAN COSTUME. TEXTILES. MANUFACTURE. 19TH CENTURY. Die, of soft steel, used in the roller engraving of madder style, calico printing. Die used to produce mill. SCOTTISH: mid 19th century.  Transferred to technology Dec. 1977. - [B] EUROPEAN COSTUME. TEXTILES. MANUFACTURE. 19TH CENTURY. Die, of soft steel, used in the roller engraving of madder style, calico printing. Die used to produce mill (28.A 9B). SCOTTISH: mid 19th century. Transferred to technology Dec. 1977.","","","R. Dalglish Falconer and Co. Ltd., of Glasgow, calico printers (donor).","","","","Permanent collection","","","14. INDUSTRIES, Textiles","Specimen / illustration / printing / dyeing / calico / sample /","T.1856.28.A.8","162","172920","","","","","","","","","congruence-science-and-industry","164","congruence-science-and-industry_164","Illustrations of Calico Printing and Dyeing. Madder Style. A 8  7 Specimens illustrating Garancine dyeing and printing with the Dies and Mills used. [ This entry contains ] 2 Dies.  History and Applied Art Original Descriptions - [A] EUROPEAN COSTUME. TEXTILES. MANUFACTURE. 19TH CENTURY. Die, of soft steel, used in the roller engraving of madder style, calico printing. Die used to produce mill. SCOTTISH: mid 19th century.  Transferred to technology Dec. 1977. - [B] EUROPEAN COSTUME. TEXTILES. MANUFACTURE. 19TH CENTURY. Die, of soft steel, used in the roller engraving of madder style, calico printing. Die used to produce mill (28.A 9B). SCOTTISH: mid 19th century. Transferred to technology Dec. 1977.. . R. Dalglish Falconer and Co. Ltd., of Glasgow, calico printers (donor).. . "
"1856-02-02T00:00:00.000Z","Science and Technology : Technology","","R. Dalglish Falconer and Co. Ltd","institution","","","","","162","Illustrations of calico printing and dyeing, madder style, illustrating garancine dyeing and printing of cloth, two mills.","Illustrations of Calico Printing and Dyeing. Madder Style. A 9  7 Specimens illustrating Garancine dyeing and printing with the Dies and Mills used. [ This entry contains ] 2 Mills.  History and Applied Art Original Descriptions - [A] EUROPEAN COSTUME. TEXTILES. MANUFACTURE. 19TH CENTURY. Mill, produced from die (28.A 8a) used in the roller engraving process of madder style calico printing. SCOTTISH: mid 19th century.  Transferred to technology dept Dec. 1977. - [B] EUROPEAN COSTUME. TEXTILES. MANUFACTURE. 19TH CENTURY. Mill - produced from die (28.A 8a) used in the roller engraving process of madder style calico printing. SCOTTISH: mid 19th century.  Transferred to technology dept Dec. 1977.","","","R. Dalglish Falconer and Co. Ltd., of Glasgow, calico printers (donor).","","","","Permanent collection","","","14. INDUSTRIES, Textiles","Specimen / illustration / printing / dyeing / calico / sample /","T.1856.28.A.9","163","172921","","","","","","","","","congruence-science-and-industry","165","congruence-science-and-industry_165","Illustrations of Calico Printing and Dyeing. Madder Style. A 9  7 Specimens illustrating Garancine dyeing and printing with the Dies and Mills used. [ This entry contains ] 2 Mills.  History and Applied Art Original Descriptions - [A] EUROPEAN COSTUME. TEXTILES. MANUFACTURE. 19TH CENTURY. Mill, produced from die (28.A 8a) used in the roller engraving process of madder style calico printing. SCOTTISH: mid 19th century.  Transferred to technology dept Dec. 1977. - [B] EUROPEAN COSTUME. TEXTILES. MANUFACTURE. 19TH CENTURY. Mill - produced from die (28.A 8a) used in the roller engraving process of madder style calico printing. SCOTTISH: mid 19th century.  Transferred to technology dept Dec. 1977.. . R. Dalglish Falconer and Co. Ltd., of Glasgow, calico printers (donor).. . "
"1856-02-02T00:00:00.000Z","Science and Technology : Technology","","","","","","","","163","Illustrations of calico printing and dyeing, madder style, illustrating garancine dyeing and printing of cloth, prints from dies","Illustrations of Calico Printing and Dyeing. Madder Style. A 9  7 Specimens illustrating Garancine dyeing and printing with the Dies and Mills used. [ This entry contains ] Prints from dies.","","","","","","","Permanent collection","","","14. INDUSTRIES, Textiles","Specimen / illustration / printing / dyeing / calico / sample /","T.1856.28.A.10","164","172922","","","","","","","","","congruence-science-and-industry","166","congruence-science-and-industry_166","Illustrations of Calico Printing and Dyeing. Madder Style. A 9  7 Specimens illustrating Garancine dyeing and printing with the Dies and Mills used. [ This entry contains ] Prints from dies.. . . . "
"1856-03-12T00:00:00.000Z","Science and Technology : Technology","","","","","","","","164","Paper used as castor-oil filter","Paper used as Castor-oil Filter.","","","","","","","Permanent collection","Paper","Whole","","Specimen / filter, castor-oil / paper","T.1856.32","165","173052","","","","","","","","","congruence-science-and-industry","167","congruence-science-and-industry_167","Paper used as Castor-oil Filter.. . . . "
"1856-03-12T00:00:00.000Z","Science and Technology : Technology","","","","Germany, Western Europe","","","","165","Illustrations in hardware manufacture, specimens to show the component parts of nickel or German silver","[One of] Illustrations in Hardware Manufacture. Card 1 A. Specimens to show the component parts of Nickel or German Silver.","","","","","","","Permanent collection","","","6. NON-FERROUS METALS, Silver | 14. INDUSTRIES, Tools","Specimen / hardware / manufacture / sample / nickel silver","T.1856.33.1 A","166","173053","","","","","","","","","congruence-science-and-industry","168","congruence-science-and-industry_168","[One of] Illustrations in Hardware Manufacture. Card 1 A. Specimens to show the component parts of Nickel or German Silver.. . . . "
"1856-03-12T00:00:00.000Z","Science and Technology : Technology","","","","Germany, Western Europe","","","","166","Illustrations in hardware manufacture, specimens to show the manufacture of a German silver spoon, with a finished electroplated example","[One of] Illustrations in Hardware Manufacture. Card 1 B. Eight Specimens to show German Silver Spoon in its various stages - finished spoon electroplated.","","","S&T.YT.756, described as a Silver plated spoon, unpolished, now identified as part of the T.1856.33.1 B set.  This spoon was moved from CHAMBERS STREET|CH0B|R015 in ST.BOX.0834, which then went to NMCC|G013 and then NMCC|G014|174. | S&T.YT.1337, described as a Flat spoon, now identified as part of the T.1856.33.1 B set.  This spoon was moved from CHAMBERS STREET|CH0B|R015 in one of/a combination of ST.BOX.0834|ST.BOX.1042|ST.BOX.0836, and was later located in NMCC|G014|174 in ST.BOX.0836.","","","","Permanent collection","German silver","Whole","6. NON-FERROUS METALS, Silver | 14. INDUSTRIES, Tools","Specimen / hardware / manufacture / sample / spoon","T.1856.33.1 B","167","173054","","","","","","","PF1031809 | PF1031810","","congruence-science-and-industry","169","congruence-science-and-industry_169","[One of] Illustrations in Hardware Manufacture. Card 1 B. Eight Specimens to show German Silver Spoon in its various stages - finished spoon electroplated.. . S&T.YT.756, described as a Silver plated spoon, unpolished, now identified as part of the T.1856.33.1 B set.  This spoon was moved from CHAMBERS STREET|CH0B|R015 in ST.BOX.0834, which then went to NMCC|G013 and then NMCC|G014|174. | S&T.YT.1337, described as a Flat spoon, now identified as part of the T.1856.33.1 B set.  This spoon was moved from CHAMBERS STREET|CH0B|R015 in one of/a combination of ST.BOX.0834|ST.BOX.1042|ST.BOX.0836, and was later located in NMCC|G014|174 in ST.BOX.0836.. . "
"1856-06-02T00:00:00.000Z","Science and Technology : Technology","","","","New Sauchie, Clackmannanshire, Scotland, Northern Europe","","","","171","Specimen of button spotted coal, 'Pot Bottom', from the deep winning of the 5 feet coal, on the north march of the Estate of Mar, at the village of New Sauchie, Clackmannanshire","Button Spotted Coal 'Pot Bottom' got in the roofs of coal, from the deep winning (90 feet) of the 5 feet coal, on the North march of the Estate of Mar, at the village of New Sauchie, Clackmannanshire. K. Grant note, 08 April 2014: contents of the box are loose (coal specimen is crumbling away). K. Grant note, 27 July 2015: donor Robert Bald (1776–1861) was a Scottish surveyor, civil and mining engineer, and antiquarian. He was one of the earliest and most eminent mining engineers and land surveyors in Scotland.","whole: Weight 400g","","","","","","Permanent collection","Coal","Whole","6. MINING, Coal specimens","Specimen / coal","T.1856.53","172","173297","","","","","","","PF1052645 | PF1089808","","congruence-science-and-industry","174","congruence-science-and-industry_174","Button Spotted Coal 'Pot Bottom' got in the roofs of coal, from the deep winning (90 feet) of the 5 feet coal, on the North march of the Estate of Mar, at the village of New Sauchie, Clackmannanshire. K. Grant note, 08 April 2014: contents of the box are loose (coal specimen is crumbling away). K. Grant note, 27 July 2015: donor Robert Bald (1776–1861) was a Scottish surveyor, civil and mining engineer, and antiquarian. He was one of the earliest and most eminent mining engineers and land surveyors in Scotland.. . . . "
"1856-03-12T00:00:00.000Z","Science and Technology : Technology","","","","","","","","167","Illustrations in hardware manufacture, specimen spoon of a different pattern from those above","[One of] Illustrations in Hardware Manufacture. Card 1 C. 1 Spoon of different pattern.","","","","","","","Permanent collection","","","6. NON-FERROUS METALS, Silver | 14. INDUSTRIES, Tools","Specimen / hardware / manufacture / sample / spoon","T.1856.33.1 C","168","173055","","","","","","","","","congruence-science-and-industry","170","congruence-science-and-industry_170","[One of] Illustrations in Hardware Manufacture. Card 1 C. 1 Spoon of different pattern.. . . . "
"1856-03-12T00:00:00.000Z","Science and Technology : Technology","","","","","","","","168","Illustrations in hardware manufacture, specimens showing the manufacture of a German silver fork in six stages, with an electroplated example","[One of] Illustrations in Hardware Manufacture. Card 1 D. Six Specimens to shew German Silver fork in its various stages - finished fork electroplated.","","","S&T.YT.194 and 195, each described as a Fork, have been resolved and identified as parts of T.1856.33.1 D.  Those two forks are now reunited with the other parts of T.1856.33.1 D, but since the decant of the cellars at NMOS they were moved as follows - 2007-11-05: CHAMBERS STREET|CH0B|R001|FLOOR|ST.BOX.0464: Buffuna, Adrian (NMS).  2010-08-31: NMCC|G004|R005|ST.BOX.0464.  2015-10-26: NMCC|G014|174|SECTION B|FLOOR|ST.BOX.0464: Grant, Katarina (NMS). 2017-03-07: NMCC|G014|174|B043|U004|S005: Grant, Katarina (NMS).  2017-05-31: NMCC|G014|174|B043|U006|S002: Grant, Katarina (NMS). | G018.YT.17 and G018.YT.18, each described as a Fork, silver plated, England, 1850s, have been resolved and identified as parts of T.1856.33.1 D.  Those two forks are now reunited with the other parts of T.1856.33.1 D, but since the decant of the Art and Industry gallery at NMOS they were moved as follows - 2008-07-21: CHAMBERS STREET|CH00|G018|C014|G018.BOX.005: Bennell, Kirsty (NMS).  2010-08-21: CHAMBERS STREET|CH00|G018|C008|G018.BOX.005.  2014-09-30: NMOS|LVL1|ART AND DESIGN|ART AND INDUSTRY|NEW MATERIALS - ALLOYS|C014|LABEL 7.  2014-09-30: NMOS|LVL5|DECANT DEPOT|U013|S003.  2014-10-31: NMCC|G003|R002|BAY 2|U002|S005|MP3.AI.116.  2015-08-27: NMCC|G003|R002|BAY 1|U002|S001|MP3.AI.116.  2015-09-02: NMCC|G014|174|DOLLY|MP3.AI.116.  2015-10-02: NMCC|G014|174|B052|U003|S002|MP3.AI.116. 2015-11-10: NMCC|G014|174|B052|U003|S001.  2015-11-10: NMCC|G014|174|B049|U003|S001: Grant, Katarina (NMS).  2017-06-05: NMCC|G014|174|B049|U003|S004, Box 69: Grant, Katarina (NMS).","","","","Permanent collection","","","6. NON-FERROUS METALS, Silver | 14. INDUSTRIES, Tools","Specimen / hardware / manufacture / sample / fork","T.1856.33.1 D","169","173056","","","","","","","PF1014607 | PF1014606","","congruence-science-and-industry","171","congruence-science-and-industry_171","[One of] Illustrations in Hardware Manufacture. Card 1 D. Six Specimens to shew German Silver fork in its various stages - finished fork electroplated.. . S&T.YT.194 and 195, each described as a Fork, have been resolved and identified as parts of T.1856.33.1 D.  Those two forks are now reunited with the other parts of T.1856.33.1 D, but since the decant of the cellars at NMOS they were moved as follows - 2007-11-05: CHAMBERS STREET|CH0B|R001|FLOOR|ST.BOX.0464: Buffuna, Adrian (NMS).  2010-08-31: NMCC|G004|R005|ST.BOX.0464.  2015-10-26: NMCC|G014|174|SECTION B|FLOOR|ST.BOX.0464: Grant, Katarina (NMS). 2017-03-07: NMCC|G014|174|B043|U004|S005: Grant, Katarina (NMS).  2017-05-31: NMCC|G014|174|B043|U006|S002: Grant, Katarina (NMS). | G018.YT.17 and G018.YT.18, each described as a Fork, silver plated, England, 1850s, have been resolved and identified as parts of T.1856.33.1 D.  Those two forks are now reunited with the other parts of T.1856.33.1 D, but since the decant of the Art and Industry gallery at NMOS they were moved as follows - 2008-07-21: CHAMBERS STREET|CH00|G018|C014|G018.BOX.005: Bennell, Kirsty (NMS).  2010-08-21: CHAMBERS STREET|CH00|G018|C008|G018.BOX.005.  2014-09-30: NMOS|LVL1|ART AND DESIGN|ART AND INDUSTRY|NEW MATERIALS - ALLOYS|C014|LABEL 7.  2014-09-30: NMOS|LVL5|DECANT DEPOT|U013|S003.  2014-10-31: NMCC|G003|R002|BAY 2|U002|S005|MP3.AI.116.  2015-08-27: NMCC|G003|R002|BAY 1|U002|S001|MP3.AI.116.  2015-09-02: NMCC|G014|174|DOLLY|MP3.AI.116.  2015-10-02: NMCC|G014|174|B052|U003|S002|MP3.AI.116. 2015-11-10: NMCC|G014|174|B052|U003|S001.  2015-11-10: NMCC|G014|174|B049|U003|S001: Grant, Katarina (NMS).  2017-06-05: NMCC|G014|174|B049|U003|S004, Box 69: Grant, Katarina (NMS).. . "
"1856-03-17T00:00:00.000Z","Science and Technology : Technology","","","","","","","","169","Sample of amorphous phosphorus, one of a group of specimens illustrating phosphorus manufacture","[One of] Phosphorus Manufacture. 5. Amorphous Phosphorus.","","","Label on jar reads ""Phosphorus Red or Amorphous form"".","","","","Permanent collection","","","4. CHEMISTRY, Chemicals","Specimen / phosphorus / manufacture / sample / phosphorus, amorp","T.1856.34.5","170","173065","","","","","","","PF1052644","","congruence-science-and-industry","172","congruence-science-and-industry_172","[One of] Phosphorus Manufacture. 5. Amorphous Phosphorus.. . Label on jar reads ""Phosphorus Red or Amorphous form"".. . "
"1856-04-11T00:00:00.000Z","Science and Technology : Technology","","","","","","","","170","Part of a cast iron keel corroded by contact with copper under salt water","Part of a Cast Iron Keel corroded by contact with copper under Salt water.","","","","","","","Permanent collection","","","23. SHIPPING","Keel / part","T.1856.39","171","173162","","","","","","","","","congruence-science-and-industry","173","congruence-science-and-industry_173","Part of a Cast Iron Keel corroded by contact with copper under Salt water.. . . . "
"1856-09-13T00:00:00.000Z","Science and Technology : Technology","","","","","","","","200","Illustrations of cast and malleable iron, puddled iron, the stage after refined metal, in a semi - malleable state, after stirring in a furnace it is taken out and and flattened under heavy hammers","Illustrations of Cast & Malleable Iron. Puddled Iron. Is Iron in the next stage after refined metal, being in a Semi-malleable state. After having been stirred in a furnace till it requires a welding property, it is taken out and flattened under heavy hammers.","Whole: Height 43mm. Whole: Width 118mm. Whole: Depth 70mm. Whole: Weight 1.86kg","","","","","","Permanent collection","","","6. FERROUS METALS, Wrought iron","Specimen / illustration / iron, cast / iron, malleable / sample","T.1856.78.16","201","173493","","","","","","","","","congruence-science-and-industry","204","congruence-science-and-industry_204","Illustrations of Cast & Malleable Iron. Puddled Iron. Is Iron in the next stage after refined metal, being in a Semi-malleable state. After having been stirred in a furnace till it requires a welding property, it is taken out and flattened under heavy hammers.. . . . "
"1856-06-14T00:00:00.000Z","Science and Technology : Technology","","","","","","","","172","Gazogen or portable aerator","Gazogen or portable Aerator.","","","","","","","Permanent collection","","","14. INDUSTRIES, Tools","Gazogen / aerator, portable","T.1856.55.1","173","173299","","","","","","","","","congruence-science-and-industry","175","congruence-science-and-industry_175","Gazogen or portable Aerator.. . . . "
